G,A,V,L,I,M,F,W,P,S,T,C,Y,N,Q,D,E,K,R,H
-0.08253,-0.07095,-1e-5,-0.09621,0.06121,-0.25422,-0.09911,-0.58445,0.04078,-0.08567,-0.06519,-0.06883,0.07535,-0.11747,-0.04861,-0.03283,-0.06717,-0.15168,-0.19696,-0.01252
3.68678,2.7298,2.16396,-0.0119,1.45102,-0.81161,2.33222,2.10642,2.88144,3.59543,2.71988,2.21246,4.36197,3.25251,2.49181,4.30031,1.90351,2.11768,1.25325,3.67437
0.85096,0.89338,2.88002,1.33293,2.96496,1.06788,1.36803,1.66918,2.64499,0.00201,0.72978,1.74537,1.48978,0.40967,1.36899,-2.42025,0.5562,1.08615,1.27528,1.36562
1.9113,1.48512,1.70553,1.42621,1.44215,1.32201,1.47224,1.21531,-0.00176,1.70267,1.76824,1.93955,1.7415,1.87141,1.25446,0.8656,0.48365,1.53127,1.64656,1.92297
0.63714,0,0.38124,-0.24254,-0.15337,-0.41689,-1.14045,-0.22193,-0.66747,0.05684,0.03888,0.60478,-0.90836,0.38179,-0.304,-0.60839,-1.27368,-0.32389,-0.11292,0.35286
3.76696,2.23257,2.45278,1.34942,1.62217,1.63379,3.15892,5.15754,4.64194,3.09937,1.65939,3.02117,3.56313,1.98231,2.11515,-0.00879,1.40407,2.84026,3.72231,3.04358
1.61562,0.63218,0.0687,-0.50442,-0.72166,-0.91108,2.22639,0.9148,3.60583,0.73213,-0.19536,0.84955,2.64115,1.48789,0.13158,2.46842,0.95497,-0.01011,0.36867,2.40769
0.1336,-0.52766,-0.21413,-0.62613,-0.70722,-0.96656,-0.88944,-0.82937,2.50387,-0.53881,-3.5e-4,0.11541,-0.79769,-0.3875,-0.88968,-0.44491000000000003,-0.83639,-0.91805,-1.10498,-0.22161
1.54849,0.1356,2.3441,-1.30133,2.27696,-0.90792,-1.32071,-0.15868,3.50641,1.61514,2.72974,0.68325,-1.11204,3.5e-4,0.48459,1.55949,0.87624,-1.36234,0.23496,-0.6525
3.87426,2.10918,-0.00317,-0.64528,-0.25273,-0.3537,13.1333,8.51793,5.94411,2.5948,1.25395,1.17818,13.78703,1.46738,2.19523,3.4752,3.38574,3.41563,1.91133,9.0035
2.01341,1.38416,1.03944,-0.14712,0.49284,-0.16554,0.76904,0.99489,4.05395,1.39567,1.41822,1.47783,1.2094800000000001,0.80793,0.68994,1.78156,1.20309,-0.01613,-0.2788,0.35686
0.90714,0,0.3939,-0.588,-0.0857,-1.54377,0.07516,-0.69473,2.96537,-0.07177,0.08383,0.66597,0.09826,0.00818,-0.17521,0.46467,0.09027,-0.35501,-0.2053,0.32986
1.83571,0,-1.17153,-2.76229,-1.69164,-3.98175,-2.48715,10.45363,4.79381,1.41834,-0.33229,-0.20356,2.81468,0.44869,0.48407,2.31674,1.91649,0.8163,5.12224,-1.08648
5.81851,4.39644,3.17131,1.77611,2.1182,0.90518,0.42585,-0.03921,7.44153,4.69751,3.25946,4.34463,0.98841,4.48296,3.8348,5.70865,4.60431,3.33456,3.33774,3.41742
0,-0.09118,1.15727,-0.35079,0.70751,-0.39934,0.18153,-0.44503,5.05946,-0.01307,0.93196,0.79697,0.22104,0.09984,-0.21274,0.50769,0.19516,-0.02475,0.11058,0.64243
1.62463,0.40607,1.02207,0.43135,0.90013,-0.0668,0.94294,1.3558,2.83857,0.80377,1.32856,0.99452,1.00112,0.67053,0.21398,1.89089,0.96195,-0.00379,0.16091,0.52785
4.1545,2.56318,-0.0098,-0.2968,0.98378,1.38518,5.9784,5.31187,6.83107,3.96445,2.45835,2.74886,9.72457,4.66868,4.44978,4.98837,5.84401,5.2851,4.59774,7.51255
0,2.48031,3.65375,2.2279,3.37122,2.1293,2.13716,2.24231,9.12084,1.33921,2.33952,2.17532,2.13821,2.02136,2.02833,2.33403,2.33089,1.5455,1.29275,1.58377
-0.07293,0,0.12434,-0.39962,0.05472,-0.09019,-0.04278,0.16832,-1.04092,-0.08377,0.14727,0.07369,-0.0298,-0.20147,-0.24599,-0.1239,-0.29669,-0.06915,0.03162,0.13098
0.75927,-0.10281,1.38676,-0.67844,1.48735,-0.74492,0.05483,0.08029,1.93395,0.18016,0.50768,0.35244,0.09993,-0.33548,-0.57495,0.03303,-0.31995,-0.85777,-1.24495,-0.06082
1.19156,0,0.08881,0.65878,0.09408,-0.45562,-0.25872,5.32548,3.9236,0.59131,0.39864,0.27042,-0.81598,1.53839,1.35577,1.76334,1.82303,0.43927,-0.62147,2.20498
0,-0.60213,-0.1732,-0.62732,0.35163,-1.41671,-1.35112,-0.45328,-1.64465,0.29412,0.1355,-0.12822,-1.24152,-0.35155,-0.48785,-0.14123,-0.42731,-0.56703,-0.33972,0.216
0.99618,0.2337,0.45522,-0.71839,-0.18849,-0.76168,-0.85381,-0.07611,-1.61292,0.29844,0.31279,0.78333,-1.01035,0.65181,-0.25831,0.51647,-0.02456,-0.35081,-0.38382,0.62479
3.63671,2.12195,1.34778,-0.51885,1.1986,-0.57832,-0.63328,1.65187,5.40847,2.45551,1.40318,2.17535,-0.02259,2.17168,2.59387,4.45239,3.67079,2.58482,2.60991,2.30053
0,2.3863,11.1509,11.68742,12.29152,6.76762,43.36506,46.2735,10.61862,6.10385,11.814,7.31775,48.80422,15.99288,9.76211,15.6207,11.00642,15.1939,16.0587,33.0637
1.39428,0,-0.43548,0.23438,-0.07964,-1.63691,-1.06808,0.16702,2.83742,0.28341,0.09573,0.38423,-0.26159,1.46113,-0.06357,3.14504,1.64767,-0.58158,-0.29846,0.69997
0.59928,-0.8777,-0.89061,-1.60801,-1.89075,-1.68736,-1.73054,-0.73745,1.59155,-0.22865,-0.64578,-0.02479,-2.3346,-1.34474,0.15663,0.34825,-0.05198,-1.66626,-1.08451,-0.97404
1.86346,-0,2.3692,3.18846,1.95236,-0.2155,13.0643,16.50624,4.84939,0.66616,1.51027,2.00231,16.51966,6.45416,3.50551,8.23193,5.529,5.2323,6.65879,12.7584
4.98057,3.31327,3.15504,-0.03403,2.24633,0.50537,0.79176,2.79414,6.93807,4.67381,4.11683,3.5211,1.10975,3.07344,3.5259,3.48057,4.02252,2.9981,3.26622,2.56852
1.3299,0.06486,-0.55089,-1.73348,-1.50246,-1.91498,-2.10117,-2.39616,3.63946,0.16369,0.27368,0.40825,-0.62942,0.45945,-0.26249,1.26268,-0.03897,-0.14934,0.17772,-0.0263
2.25166,1.20018,0.6602,-0.34011,-0.18923,-0.37345,-0.31303,0.07771,4.76743,2.22346,1.80795,1.28644,-0.92193,0.86456,0.4576,2.39454,1.29689,0.21892,-0.11552,0.19488
4.73427,2.76007,2.64004,-0.0257,2.97099,-0.0181,8.55272,10.51122,12.13504,4.18062,2.72472,3.02632,13.61242,4.22975,3.21053,4.98176,3.92161,2.13526,3.0743,8.37061
6.4463,5.05723,4.5789,1.65451,3.54098,1.39752,-0.02855,3.19236,8.81113,5.56813,4.12803,4.86442,0.62193,5.56004,4.98009,7.18278,6.05387,4.80637,4.43249,3.32465
0.88453,0.22564,0.44118,-6e-4,0.03935,-0.32509,0.27637,0.00491,2.78164,0.25323,0.21023,0.72903,0.41582,0.16077,-0.12681,0.95286,0.48211,-0.21137,-0.16887,0.38184
1.32554,0.01564,0.62048,-1.3455,-0.03143,-1.76803,-0.92575,-1.69026,3.68484,-1.5e-4,0.31085,0.11934,-1.14654,-0.27875,-0.36081,0.61484,0.01502,-0.70995,-0.53972,-0.1198
5.07777,3.30772,2.38534,1.87718,1.60401,1.15981,-0.00547,1.13901,6.79175,3.86986,3.94265,2.87373,0.60767,3.10759,2.24707,3.15831,2.91717,1.85173,2.01279,2.62088
2.2514,1.88355,2.34801,1.8396,2.27415,1.83129,2.04623,2.08722,2.4e-4,2.22674,2.39491,2.45356,2.11903,2.06037,1.61367,1.41694,1.03642,0.83499,0.78205,2.19896
0.41125,-0.31096,-0.5001,-1.4582,-0.90313,-1.9876,-0.65291,-1.06759,-1.46337,0.13462,1e-5,-0.07534,-0.36569,-0.38358,-1.15205,-1.41704,-2.06402,-0.92401,-0.50302,0.11412
2.80656,0.90392,0.30615,1.50981,0.35183,-0.48769,4.00252,4.61469,5.28645,1.67897,0.00481,0.42676,5.25976,1.02135,3.22963,1.0375,3.08952,2.68133,2.89501,5.52743
1.89319,0.86917,1.26634,0.78283,0.87909,0.00864,1.66899,2.21395,5.35819,0.90752,0.2366,1.06091,1.72121,0.90431,0.14748,2.68106,1.07626,8e-5,-1.40286,2.49277
0.35346,-0.47739,-0.14996,-1.06143,-0.95325,-1.09396,-0.16903,-0.18889,2.08834,-0.41815,-0.00403,-0.15223,-0.06923,-0.27086,-1.04412,0.03299,-0.87643,-1.04152,-0.98689,0.05081
2.92448,2.37011,2.59427,0.5935,1.54246,0.47571,0.42283,0.9168,3.34532,2.56408,2.80307,2.12049,-0.02123,2.37364,1.75099,3.07538,3.03714,0.70065,1.64809,1.57027
4.04092,3.49625,2.10844,1.25701,6.14695,1.19644,-0.01989,0.68724,5.62623,4.23968,4.07092,2.95305,-0.30841,2.83277,2.70643,4.83168,4.0673,1.93912,1.26314,1.23477
1.78441,1.59376,1.94618,1.57769,1.71605,1.48558,1.45403,1.74705,-0.01511,1.77307,2.14983,1.79295,1.57857,1.66691,1.05643,2.085,1.9337,0.54759,0.38973,1.242
0.34604,0.13033,-0.05748,-0.43734,-0.35704,-0.94205,-0.5708,-0.50926,0.73442,0.17672,0.39232,-0.2056,-0.5169,-0.13492,-0.41096,-0.03181,-0.45232,-0.53106,-0.70774,0.00291
4.38109,2.60635,1.70926,-0.20262,2.10248,-0.57449,-0.08642,1.2558,5.17471,3.58936,1.91385,2.78691,0.4865,3.40823,2.82211,3.96416,3.01188,1.87071,2.64612,2.92108
2.52756,2.24848,2.18906,1.87186,1.87909,1.87678,1.83745,2.20909,1.23098,2.48099,2.12342,2.05142,2.06548,1.1272200000000001,1.67127,-0.00923,1.44608,1.94905,2.30053,2.53771
4.14659,3.40308,2.60994,-0.00884,1.2794,0.82653,3.79069,3.12829,3.79091,3.96357,2.7091,2.56104,3.31343,1.74698,2.28551,3.77409,4.12789,1.93227,1.48347,4.01127
0.98423,0.77759,1.35607,0.90844,1.30494,0.78521,0.55385,1.35304,1.49393,-2.5e-4,0.40779,0.83382,0.60178,0.20777,0.65985,1.14607,1.11747,0.59422,0.22348,0.74529
0.1195,0.24672,0.48435,0.10959,-0.20144,-0.25704,-0.03491,0.20871,-0.56636,-0.28414,-0.2591,-0.03094,0.11808,-0.216,-0.13624,0.27599,-0.0057,-0.24593,-0.18608,-0.04421
0,2.6172,4.86339,2.35315,4.74235,2.39194,3.6161,3.82592,6.69902,2.49988,3.35751,2.55171,3.72935,2.12675,2.49323,2.592,2.37242,1.85056,1.76932,2.29346
2.40105,1.58761,4.76447,9.26182,5.76447,5.77537,17.60244,19.56466,4.95963,-1e-4,1.98126,2.14453,21.2648,5.23965,7.03768,1.94312,5.01054,7.52627,8.0857,15.52798
0.57707,0,0.31297,-0.04129,-0.06318,-0.19045,-0.32111,0.13153,-1.72083,0.37629,0.38583,0.54771,0.1767,0.37646,-0.31935,-0.95704,-1.02179,0.1332,0.32313,0.56988
1.92315,0.52671,1.34437,-0.20608,2.10443,-0.06766,0.28366,0.36595,-0.22068,0.75312,0.58134,1.28438,0.4043,0.34994,-0.00271,-0.22726,-1.38426,0.02879,0.51169,0.90944
2.98241,1.72833,-3e-5,-0.85006,-0.58512,-0.2412,7.0832,11.64044,4.73639,2.22452,1.24089,1.85448,4.89225,1.6298,2.29242,3.14109,4.07992,1.0077,2.32904,7.13038
1.20109,0.423,0.52187,-0.15247,-0.0443,-0.6418,0.125,-0.47151,3.27279,0.47085,1.26492,0.98872,0.2752,0.3423,0.01673,0.72724,0.31749,-0.02461,0.12339,0.73203
0,-0.70245,-0.22991,-0.93294,-0.73347,-1.37886,-0.85585,-1.28318,1.65292,-0.85038,-0.77493,-0.05648,-0.82852,-0.79633,-1.00335,-0.72021,-1.09231,-0.73703,-0.9677,-0.52166
1.8783,0.39519,0.65592,-1.48452,-0.12654,-1.58522,-1.83437,-1.15676,3.35623,0.84978,0.04087,0.59588,-1.47559,0.75087,-0.48715,0.7317,-0.0912,-0.32867,-0.01205,-0.01365
0,3.5804,14.86396,16.3684,17.45802,12.13686,28.1886,31.2145,13.10528,6.78261,11.5286,7.50166,27.53952,16.42316,20.73236,17.60546,21.27336,15.00328,15.85174,25.51674
0.88978,0.17152,0.30803,-0.3361,-0.23509,-0.25153,-0.14591,0.11859,1.13055,0.09452,0.00188,0.86014,-0.04033,0.22957,0.00345,0.76241,0.14064,-0.00393,-0.27452,0.18399
1.14077,0.29134,0.58975,-0.08933,0.09991,-0.70202,-0.78086,-0.73957,1.47427,0.28254,0.19815,1.00822,0.00718,0.81262,0.02358,0.75703,0.40601,-0.03336,-0.12283,0.65525
2.66812,1.28089,-1.6e-4,-1.14076,-0.51837,-1.88845,-0.86488,-1.5524,5.58495,1.88874,0.73087,1.72962,-0.47657,1.99828,0.44416,2.34049,1.34254,0.9175,0.63159,0.75511
1.65057,0,4.9242,5.78993,5.71289,2.16484,9.62406,14.21828,5.47873,0.83998,5.71731,2.21072,13.0455,5.8828,3.99268,8.78238,7.10465,7.66928,7.96943,17.09042
0.36906,-0.50547,0.27142,-0.89027,-0.61352,-1.4556,-1.16817,-0.56702,3.24812,-0.39796,-0.30202,-0.04628,-0.95091,-0.07839,-0.26784,-0.00575,-0.51958,-0.46669,-0.18491,0.02145
1.33848,0,-0.1319,-1.4672,-0.87169,-1.64575,-1.3491,-1.59449,2.9978,0.25787,0.4971,0.62612,1.86091,0.64022,0.17876,1.38382,0.41063,-0.47419,-0.19749,0.10756
4.44741,2.79971,0.94806,-0.01292,0.0825,-0.20299,-0.43732,1.01095,5.10965,3.95964,2.7058,2.91828,0.20143,2.65359,2.3083,4.14552,3.08641,2.001,2.14686,1.3797
-0.09305,-0.89326,-0.92118,-2.63747,-2.307,-2.95372,-2.31324,-1.59158,2.61128,-0.01702,-0.00483,-0.5218,-1.04071,-0.68091,-1.29688,-0.0712,-0.64304,-1.83372,-1.72347,-0.39926
0.81504,-0.15339,-0.10519,-1.11928,-0.67987,-1.62813,-0.38734,-0.22852,2.94171,0.00801,0.40478,0.44608,-0.26811,6.9e-4,-0.62874,0.40947,-0.25003,-1.31992,-0.99746,-0.49228
2.19268,0,0.21228,-0.83857,-0.35372,-0.57029,7.76437,10.18737,3.65387,1.51562,1.89664,1.63748,9.63217,3.46816,3.72212,4.38531,4.53436,4.21982,5.4755,8.27109
3.37305,1.96789,-0.01712,1.01173,0.78835,0.13791,3.8917,4.618,6.49917,2.41657,1.42958,1.83337,3.80212,2.58997,2.38689,4.20815,3.26775,1.75833,1.92693,6.96385
0.88371,0,1.21252,-0.55923,0.29618,-0.5509,-0.38469,-0.61763,3.2199,0.66581,1.55664,0.61358,-0.31252,-0.09326,0.13587,0.88194,0.00109,-0.59836,-0.38438,-0.28739
1.56632,2.0076,2.36097,1.90146,2.76699,1.53622,0.8378,1.24379,4.98222,2.23636,2.40556,1.85088,1.18776,1.23424,1.30838,2.83939,2.42452,0.89918,0.62701,-0.02963
2.10568,0.92743,-0.00545,-2.21712,-1.33397,-2.17441,3.14793,7.99183,0.19642,1.79723,1.415,0.66029,6.5947,0.74568,1.30481,3.18563,2.66479,2.39793,1.82758,3.53813
0.11895,-0.14382,0.09276,-0.53256,-0.15712,-0.71215,-0.70185,-0.32994,0.61062,0.15121,0.27358,0.13531,-0.6012,0.026950000000000002,-0.24996,-0,-0.21511,-0.46016,-0.46956,0.21377
3.08224,3.11572,3.61486,2.63925,3.28145,2.78657,2.20723,3.04543,5.22544,2.85332,2.9398,2.74094,2.44239,1.80804,3.34803,-0.01177,1.68325,2.66657,2.91872,2.6239
4.31766,3.01248,2.06113,1.17444,0.73922,-0.03867,3.04435,4.50154,1.50027,4.40125,3.40759,2.43991,4.33831,2.68832,2.98972,5.00049,2.92623,2.41564,2.24265,4.73941
2.41006,1.81017,1.93719,1.20595,1.4261,0.79739,1.05041,1.16171,-0.00369,2.27865,2.12087,2.32871,1.33379,2.22497,1.52213,1.95907,1.25755,1.41498,1.49466,1.89782
0.65667,0.38987,0.69352,0.14274,0.64283,0.28319,0.50491,0.4822,1.02442,-0.01556,0.73906,0.64133,0.47506,-7.7e-4,-0.20797,0.84151,0.50569,-0.15082,-0.00943,0.13186
1.40683,0,0.05205,0.56167,0.44346,-0.24118,11.4227,10.82323,2.52966,0.78587,0.61859,0.42182,11.92537,1.16678,0.35112,1.24985,0.28464,-0.34145,1.24315,5.89016
4.98608,4.21667,3.46604,0.01959,1.93297,-0.33109,1.90194,4.54886,7.9593,4.73253,3.66154,3.44028,4.2804,2.6387,2.68566,4.89707,4.3261,2.42335,2.75453,2.14544
0.50246,-0.13562,0.29806,-0.37969,0.14533,-0.13886,-0.06604,0.24742,1.62265,-1.8e-4,-0.51641,0.27268,0.17725,0.12585,-0.42227,0.20995,-0.01139,-0.97362,-0.8455,0.24365
0.47043,0,0.21623,-0.00866,9.8e-4,-0.33202,-0.13542,-0.49545,-1.21213,0.2789,0.22298,0.47427,-8.3e-4,0.28458,-0.26257,-1.0101,-0.75501,-0.02648,0.1238,0.42241
3.42376,2.0385,1.21553,-0.0014,0.38356,-0.23571,1.09469,0.44111,1.59638,3.05068,2.07696,2.269,1.46388,2.61673,1.71556,2.46405,1.12453,1.69033,1.93997,2.42999
0.47588,-1.03532,-0.58581,1.27779,-0.59913,-0.33909,15.5972,12.9016,3.93016,0.00422,-0.40349,0.36371,18.31936,2.62473,2.83784,4.22106,3.4009,1.62405,0.32423,12.3069
0.57899,-0.18306,-0.21123,-0.84156,-0.88952,-0.93686,-0.21427,-0.84216,2.19351,0.08424,0.45513,0.50461,-0.1797,0.1834,-0.12108,0.00136,-0.53646,-0.41616,-0.17944,0.38104
2.77687,1.609,1.15286,-0.00371,0.43516,-0.04251,0.0588,0.687,4.37789,2.4959,1.7769,1.93943,0.22167,1.12594,1.28197,2.16117,1.25028,0.69418,1.01192,1.62006
3.30415,1.57862,-0.36613,-1.15694,-0.66318,-1.37716,-2.01576,0.17699,4.52831,2.18119,1.69392,1.39789,-1.5923,1.36244,0.29578,3.48241,0.71754,0.92898,1.23898,-0.10019
1.47873,0,3.25088,8.62687,3.82549,5.3947,8.23764,11.4089,4.20621,0.7258,1.98302,2.08809,8.70993,5.94445,8.46765,6.64815,6.53488,4.51226,5.78554,5.97601
1.217,0.73037,1.32783,0.3276,0.96666,0.49124,-0.01703,1.19407,4.62997,0.63602,1.30666,0.94357,-0.17661,0.18381,0.22639,0.90775,0.88387,-0.04947,0.23434,-0.05158
0.02981,0.61827,-0.27045,-0.45792,-0.08472,-0.1031,-0.32438,-0.21588,2.03141,0.56627,0.34266,1.30366,0.01771,0.29784,0.46513,1.45166,0.68259,-0.0143,-0.72473,-0.69314
2.98602,1.67893,1.51601,-0.01979,0.66554,0.34751,0.69042,0.31138,2.39953,2.92136,2.73704,2.22369,0.33167,2.33224,1.51089,2.4100799999999998,1.51129,0.94293,0.75971,1.79509
0.65354,1.7604,2.70225,0.90849,2.56997,0.71044,1.08773,1.88015,9.04441,1.73001,2.26463,1.13026,1.36304,0.56999,0.56833,1.59709,1.28309,-0.65891,-0.04664,0.73171
3.30754,1.64508,-3.9e-4,-0.59527,-0.75322,-0.94326,-0.25347,-0.60669,1.27455,1.88378,1.52814,0.97381,0.23481,1.23597,0.66255,2.28595,1.43192,0.34724,0.65919,1.0086
3.73328,3.33561,3.57585,3.04774,3.38628,2.80262,2.9016,3.07079,4.29863,2.38097,2.61136,3.67094,3.09642,2.70415,3.19184,-0.01918,1.08331,3.52813,3.6261,2.79447
2.7314600000000002,2.07827,2.3307,1.51289,1.90346,1.62478,1.4265,2.57855,-0.00272,2.67193,2.48382,2.70497,1.85832,2.46624,1.80793,2.38374,1.66416,1.12939,1.30244,2.83843
0.74615,0.06305,3.6e-4,-0.58705,-0.47652,-0.97393,-0.87256,-1.01297,0.89019,0.01138,-0.21387,0.43922,-0.70368,-0.66041,-0.46887,-0.08144,-0.33164,-0.33107,-0.01124,0.08966
1.49251,-0.4396,-2.15321,-3.01145,-2.77919,-3.51549,-1.9575,-0.49177,1.15751,0.9962,-0.18686,-0.49551,-1.70686,0.00499,-0.88777,0.09448,-0.85715,-0.30562,-0.02755,-1.00555
3.99064,3.03208,3.19838,0.85324,2.36719,0.60799,-0.00187,1.09567,1.17902,2.93293,2.02164,2.95026,0.32492,3.21028,2.90558,4.09544,3.28296,1.94601,2.31251,2.80948
0.70967,0.01728,0.63793,-0.10158,0.03593,-0.42158,-0.11142,-0.05083,-0.68534,-0.2232,-0.11557,0.60953,-0.06399,0.30431,-0.17444,0.47581,0.04881,-0.02216,-0.18291,0.57813
3.94698,2.30727,2.84081,-0.00271,1.48583,0.15855,0.10371,-0.24072,1.90235,2.77898,1.84049,2.40518,0.44434,2.35556,1.60448,3.01855,1.53882,1.59751,1.67684,1.35208
3.59729,2.53062,2.31659,-0.00903,1.29067,-0.68692,-0.56831,1.11424,7.20623,2.86188,3.27481,2.63513,-0.34179,3.15219,1.94217,4.07466,2.30063,1.54206,1.71314,1.91651
0.35671,-1.03249,-0.65195,-2.22152,-1.11122,-2.494,1.53601,0.47084,3.49095,0.01117,0.23611,-0.24575,4.77138,0.12033,0.00249,1.46552,2.03376,-1.21696,-0.08962,2.73568
0.867,-0.33627,-0.15533,-1.18446,-0.74233,-1.37581,-1.67394,-1.77024,3.63841,0.03301,0.78961,0.42779,-1.43076,0.29358,-0.91465,0.14411,-0.31831,-0.67363,-0.40901,0.00225
1.51718,-0.42361,0.21079,0.25893,0.28486,-1.87372,3.63544,7.9708,3.90089,0.51671,-0.63241,-0.00502,9.70686,1.40828,1.71267,2.24167,1.28603,0.40918,0.67082,6.88194
4.3276,2.74352,1.36955,-0.08974,0.2254,-0.26246,-1.09176,-1.39547,5.42125,3.93898,2.84826,2.86098,0.18547,2.6984,1.68806,4.55299,3.83366,2.5995,2.9292,2.29049
3.78385,2.5544,2.09432,-0.02411,0.68605,-0.37883,1.9976,4.24157,6.32585,3.00249,3.3437,2.80341,3.97665,2.92007,1.76646,4.71896,3.92924,1.60545,2.2444,4.12765
1.02831,0.04845,-8e-5,-0.65186,-0.58972,-1.09105,-0.53103,0.16879,3.76867,0.49685,0.65997,0.69316,-0.32603,0.82145,-0.15543,0.75793,-0.12546,-0.18029,-0.21769,0.76735
1.57344,-0.26068,-1.38841,1.63042,-0.51484,0.70585,11.63858,23.39984,4.34114,0.46017,-0.00615,0.04962,12.7464,1.78816,4.79168,2.13983,4.28392,6.47281,4.81386,14.14098
4.31988,3.06833,1.3222,-0.01665,0.17042,-0.2671,0.12873,-1.34029,6.30162,3.12437,2.5636,3.06266,1.87657,2.61862,2.76845,5.05624,4.12757,2.7237,3.04808,1.69895
1.28217,0,1.32166,-0.79252,0.87918,-0.90399,-0.21448,-0.30872,7.36801,0.20834,2.86714,0.68722,-0.12614,0.55125,-0.21862,0.95103,0.08251,-0.61323,-0.44874000000000003,0.36481
0.49606,0,1.34148,-0.29458,0.69753,-0.18199,-0.20225,-0.45712,3.39103,-0.03833,0.73512,0.49441,-0.20576,-0.05341,0.07272,1.10973,0.1502,-0.4993,-0.38677,-0.39763
1.56349,0.67045,-1.25339,0.40561,1.62533,1.39616,0.06147,0.27313,3.9115,0.51765,0.05035,-0.0739,-1.16799,-0.89772,-0.20279,1.18517,0.9975,0.12868,-0.13208,-0.02635
3.27271,2.35185,3.12222,-0.04065,1.79497,-0.571,1.20583,1.11692,7.30469,3.45675,3.06791,2.33368,3.24922,2.58564,1.95353,4.8539,3.41457,1.16132,0.13463,1.47864
0.7359,1.04527,1.14534,0.89905,1.10795,1.28186,0.65737,0.9748,-0.00191,1.01943,0.99762,1.32825,0.68458,1.00326,1.06972,1.22758,1.02309,0.14877,0.35259,1.16904
0.3735,0,0.44267,0.06096,0.37444,0.00546,-0.12358,-0.18281,-0.35753,-0.40527,-0.34867,0.51869,-0.02554,0.35137,0.12017,0.58099,0.25603,-0.2308,-0.25206,0.43684
1.28107,0.28069,-0.63258,-1.10853,-1.16433,-1.8804,0.68644,0.05161,0.32998,0.98497,0.89054,0.22326,1.00323,0.9762,-0.39602,1.33706,4.8e-4,-0.56849,0.17605,1.75168
4.49278,4.00879,4.19842,0.81683,3.42545,-0.35904,-0.00549,3.21343,8.188,3.71233,3.71907,3.56941,0.76879,2.99889,4.35861,4.20838,4.90162,3.4279,3.9804,3.0636
0.15957,0.143,1.34139,0.02064,1.02266,-0.06014,0.57597,0.69709,1.80398,-0.60233,0.0018600000000000001,0.24481,0.62054,0.20794,0.44748,-2.08298,-0.40603,0.02225,0.06938,1.05977
2.06722,1.59908,1.66717,1.54804,1.43336,1.32214,1.56864,1.51346,-0.00139,1.62024,1.71891,1.95397,1.63267,1.86857,1.23284,0.75493,0.5471,1.62459,1.7213,1.88125
0.72177,0,-0.01444,-0.87396,-0.56254,-0.71814,-1.42358,-0.48808,-1.02984,0.43098,0.35563,0.06621,-0.33033,-0.01816,-0.78318,-1.06946,-1.82883,-0.80091,-0.15738,0.24352
2.85734,1.33885,0.00204,-0.46226,0.36823,-0.32426,0.47629,0.04024,2.1197,1.90913,0.53125,1.52543,0.94202,1.22877,0.93064,1.15617,1.15206,0.53815,0.57136,0.97098
1.21977,-0.22102,0.72749,-1.12552,0.01372,-1.14089,-1.07231,-0.32582,5.22135,1.05408,0.78067,0.4522,-1.01107,0.74149,0.01735,0.6579,-0.53713,-0.5955,-0.3162,0.04938
0.82418,0,0.41123,-0.1626,-0.18139,-0.44661,-0.38065,-0.20609,2.95015,0.13067,0.83528,0.64918,-0.28302,0.07314,-0.01487,0.16434000000000001,-0.30127,-0.05746,-0.0223,0.35515
2.54675,0.94602,3.44112,5.56836,6.58026,3.67999,6.3081,10.30743,4.66434,1.3e-4,1.06119,1.06506,6.58173,5.33514,8.19283,7.30653,9.4951,5.06836,5.57828,11.53635
4.95731,3.33836,2.34997,0.02462,0.78384,-0.58217,-0.18522,1.05977,7.1814,3.96324,3.25314,3.14471,1.20368,2.68474,2.83731,4.88726,3.98249,3.19729,3.00161,2.55832
0.48971,-0.58726,-0.15408,-1.27467,-0.38217,-1.90472,-1.28633,-1.53072,3.65314,-0.49561,0.27013,0.18932,-0.9551,-0.04646,-0.924,-1.3e-4,-0.67636,-0.91518,-0.64797,-0.19848
1.10936,0.13116,0.49112,-0.12078,-0.14005,-0.12419,-0.14337,0.25611,2.7083,0.43932,0.81304,0.75856,-0.04658,0.39258,0.19757,1.23583,0.63405,-0.02382,-0.11002,0.32815
7.0747,5.23014,4.42614,2.33325,4.84816,1.56686,-0.01435,-1.02453,11.52158,6.01077,6.25036,5.38506,0.60885,5.93544,5.1261,7.15241,6.33246,4.66851,4.34428,3.96066
4.0831,2.96097,2.74817,-0.02419,1.86281,-0.43578,-1.77909,0.23079,6.64077,3.42729,2.63482,2.96726,-0.75942,2.45556,2.62908,4.59564,3.69234,2.31984,3.23786,1.27098
0.5989,0,0.78664,0.10372,0.24948,-0.28012,0.16712,0.06611,3.45759,0.07898,1.08872,0.90754,0.48116,0.37101,-0.15485,0.73217,0.35953,0.00177,0.07205,0.27454
0.35634,-1.10264,-1.05826,-2.58197,-1.6776,-2.55594,-2.47703,-1.28942,3.23,3.2e-4,-0.24217,-0.60428,-2.17546,-1.22555,-1.29312,0.08414,-0.65752,-1.42836,-1.37391,-1.14023
3.80081,2.1322,-6e-5,-0.28665,0.85179,-0.01695,1.00472,-0.06894,5.70266,2.59983,0.99579,2.06292,3.03431,2.44786,2.18212,3.90865,2.97855,2.36025,2.17922,2.32162
0.87028,-0.38989,0.56796,-0.83541,0.3753,-1.63033,1.47483,1.21139,3.71665,7e-5,1.13946,0.72973,0.69104,0.87015,0.69846,1.83494,1.12009,0.06188,0.4514,2.2801
-0.05009,-0.7364,-0.31317,-0.90234,-0.76011,-1.25962,-0.85186,-1.22923,3.0774,-0.75649,-0.04766,-0.02805,-0.83022,-0.23151,-0.79942,0.07272,-0.47747,-0.91335,-1.58424,-0.26309
3.30488,1.53517,-0.00594,1.13937,-0.57707,0.2055,2.40924,1.37271,4.19771,1.99274,1.37244,1.6252,2.05554,2.4796,1.43152,3.79377,2.99477,1.00962,1.56792,2.42518
3.71739,2.65726,3.57487,-0.0545,4.01429,0.29141,0.5796,0.1323,5.79601,3.21796,2.50098,2.5803,1.89813,2.44801,2.78246,4.51544,3.50127,1.97423,1.87884,2.39292
2.08374,1.21584,0.12607,0.09642,-0.17273,-0.21761,4.01646,4.6243,4.23402,0.90746,-0.00487,1.0805,3.2987,0.55185,1.20212,2.9436,1.91235,0.54708,0.66859,2.00412
0.89381,0.10438,0.98652,-0.05154,0.40824,-0.82063,0.68397,0.21051,6.3383,5e-5,1.00901,0.00623,0.45229,0.62656,0.04586,1.01999,0.65436,-0.29769,0.0625,0.80599
0.77009,0.66056,1.09029,-0.03464,0.67183,-0.21253,-0.09347,-0.04568,2.39283,0.92252,1.20555,0.5664,0.14552,0.14765,0.02243,0.60178,0.84395,0.04667,-0.22449,-0.02297
2.61821,2.36252,2.71803,1.42776,1.95195,1.12224,0.72394,2.61398,3.95216,2.73658,2.60172,2.59752,0.00435,2.76614,2.47811,3.45424,2.80272,2.40471,2.01336,2.7761
0.33956,0.555,0.85179,0.62147,0.79974,0.3049,0.45621,-0.14181,1.35806,-0.05937,0.13864,0.24335,0.46671,0.14221,0.36574,0.634,0.51805,-0.13549,-0.00356,0.3827
-0.21131,-0.21321,-0.00371,-0.7025,-0.01113,-1.65004,-1.10039,-0.18957,0.2259,-0.32327,-0.06391,-0.22972,-0.71807,-0.52677,-0.4628,-1.43177,-0.3005,0.32715,0.37939,-0.02126
-0.44865,-0.39893,0.01678,-0.77974,0.08609,-0.79442,-0.78687,-0.85905,0.5872,-0.35476,-0.11792,-0.36675,-0.53167,-0.37333,-0.40389,-0.92036,-0.55005,-0.62408,-1.06226,-0.19762
4.9865,3.54733,1.96383,-0.03543,0.85009,0.12984,3.13504,4.98414,3.29674,3.89442,3.46106,2.78341,3.11358,4.17806,3.49601,5.20351,4.22106,2.45864,5.28809,3.70657
-1.25665,-0.7289,0.81384,0.21532,0.37231,0.86208,-0.53296,0.33843,-1.69707,-0.56709,-0.00376,0.10805,-0.20141,-1.64468,0.22179,-0.73877,0.03582,0.90672,1.03848,-0.9361
1.34311,0.98913,1.2628,0.94969,1.05197,0.92418,1.14943,1.07971,4.6e-4,1.31432,1.2068,1.7205,1.20937,1.43673,0.62609,0.73848,0.46274,1.06589,1.18718,1.47106
2.26333,1.67942,1.47318,1.07842,1.28115,0.85363,1.39895,1.11351,0.09569,2.05157,1.78105,1.80651,1.4286,2.06939,0.9281,0.99422,-0.04678,1.04868,1.36015,1.99734
1.37325,0.01318,-1.22867,-1.65816,0.0307,-1.00756,-1.49123,-0.39383,0.88602,1.42772,-0.08372,-0.70977,-1.24874,1.00047,-0.20543,0.22697,0,-0.61482,0.32329,0.99024
1.91436,0.81759,0.40996,0.559,-0.39784,-0.60318,0.58955,1.07723,3.39554,1.04869,1.3136,1.02645,0.84332,1.9531,0.76893,1.85203,0.71151,-0,0.47504,1.82488
0.77348,0.16273,0.3814,0.03835,-0.01527,-0.15938,-0.13877,-0.01571,1.69348,0.00136,0.56983,0.78272,-0.08312,0.33715,-0.04488,0.3209,-0.0587,0.13019,0.10982,0.47111
1.41175,0,0.14139,-0.98604,-0.49619,-1.39389,-0.34161,-0.72525,1.69249,0.54366,0.83541,0.723,-0.29022,0.31466,-0.27171,0.68706,-0.06096,-0.35674,-0.21674,0.21655
4.60712,2.80296,0.00423,0.29193,1.32788,-0.2752,8.58675,13.8576,7.34799,4.11939,2.4658,2.57375,11.5726,2.33167,3.05198,4.57969,4.27012,1.63542,4.7152,7.35162
0.43277,-0.28548,0.11671,-1.0938,-0.65399,-1.512,0.0322,-1.97886,3.15744,-0.25224,0.00322,0.31534,0.01053,-0.34531,-0.45423,0.36716,-0.08108,-0.55423,-0.59077,-0.51392
0.66658,0,1.12021,-0.04321,0.52769,-0.64541,0.27637,0.34629,3.72541,-0.06036,0.25175,0.83882,0.2947,0.11493,0.28483,0.56701,0.25066,0.06518,0.07856,0.4215
5.11324,3.72452,1.8847,-0.02702,1.17841,-0.14771,2.34445,1.49363,6.27337,4.21557,2.82684,3.50111,5.17692,3.02591,2.9641,5.07759,4.12135,3.13461,3.37133,2.72368
7.71363,6.52916,5.87554,4.57642,4.80801,3.16802,3.56782,-0.07982,12.94308,6.37335,7.3861,6.57223,4.59318,5.65769,5.67229,8.26714,7.40298,5.51651,5.81647,5.33645
0,-0.03522,1.14137,-0.09948,1.03228,0.21014,0.05514,0.18132,1.82089,0.45493,0.84086,0.5509,0.07051,2.9e-4,0.5117,1.1044,0.54473,-0.00801,-0.19248,-0.51523
1.96765,1.45169,2.26877,0.51679,1.4998,0.16029,0.72221,0.52079,3.05798,0.85818,1.41334,1.5562,0.7834,1.34532,0.78719,1.51256,1.6469800000000001,-0.026950000000000002,0.06698,0.59062
5.15973,3.15484,-0.00368,0.54508,1.18286,2.03738,4.26433,11.62598,9.46593,4.2355,2.18933,2.42358,7.35195,3.33205,4.99102,5.12605,5.65132,4.61739,5.58073,8.89924
0.85132,1.4354,1.78978,2.03621,1.74414,1.48012,1.64628,1.8336,0.02698,1.24148,1.32133,2.18086,1.55228,0.0021,2.15619,-1.86794,0.97496,1.82389,2.00967,1.62901
2.31585,1.42375,0.00315,1.17892,-0.09654,0.25424,0.98894,1.71261,0.03862,2.55216,1.57088,1.43604,1.56708,2.51746,0.73551,1.7966,1.09434,-0.12914,0.84535,2.07366
1.20677,0.23479,1.29878,0.00428,0.81877,-0.31688,0.35432,-0.10841,-0.36361,0.80794,0.57945,1.14751,0.3197,0.92229,0.09292,0.01049,-1.05015,0.33669,0.63033,0.84504
1.13801,0.21276,0.37262,-0.57307,-0.04712,-0.43556,-0.35097,-0.19173,0.84567,1.01596,0.66068,1.00764,-1.11334,0.36316,0.06864,0.24044,-4e-4,-0.19348,0.02553,0.76289
4.06457,2.46779,-0.02689,-0.70206,-0.07586,0.07299,2.13361,8.3485,4.51507,3.54315,1.94802,2.0516,2.83754,2.49894,2.89942,4.11615,3.43336,1.77224,3.03584,1.46679
0,2.37455,15.1383,25.08196,20.92532,15.1362,44.5242,49.36792,12.26528,6.16229,12.99658,10.18298,47.67546,17.42706,21.28082,18.77622,21.57406,20.54608,22.06386,42.82268
0,-0.64888,2.74692,1.40445,2.76899,-1.06747,4.79335,7.43791,0.29324,-0.45759,0.7661,0.41395,8.10668,3.50499,0.92145,5.06246,1.25672,1.04226,1.48699,11.93094
1.5335,0.2255,0.17892,-0.64699,-0.82672,-1.11237,-0.70326,-0.24837,2.12273,0.55116,0.83983,0.81471,-0.5116,0.34544,-0.41754,0.75807,-0.03191,-0.23063,0.02004,0.19006
2.21185,0,-1.08297,2.86251,-1.52569,-0.64906,7.57724,14.12798,4.73057,0.75993,-0.96965,0.5792,11.78692,3.54246,2.41737,7.29209,3.89044,3.24729,4.76843,9.50611
4.96791,3.43506,1.41574,-0.00639,0.73076,0.13697,1.01684,1.8146,5.97502,4.242,2.97437,3.52916,3.18513,3.22797,2.82681,3.77169,3.86048,2.92214,3.23976,1.81421
0,-1.17061,2.88976,3.83695,3.19834,2.15751,18.47342,11.98986,6.87877,0.0452,1.46008,1.07457,15.7528,6.15489,3.36846,7.70006,5.90006,4.7669,5.1637,13.8931
2.39161,0.83488,0.43584,-0.90788,-0.40682,-1.19859,0.18405,-0.32799,3.69342,1.35289,0.30109,1.34475,-0.12152,0.57248,0.60863,2.00473,0.75343,0.06399,-0.01189,0.61188
5.13914,3.41984,1.44187,-0.01918,1.85379,0.47776,4.06794,5.92013,8.32888,5.15665,3.23464,3.6607,6.7073,3.67728,2.84544,5.22247,4.34274,1.32725,2.4895,3.29008
5.36379,3.86293,3.22106,-0.01807,1.71461,-0.11423,1.95703,9.3347,6.87715,5.2745,3.88226,3.5845,3.70333,3.76516,3.56525,5.86583,4.92248,3.85752,6.86471,3.62097
2.48509,1.5375,-0.00272,0.47775,1.29337,0.80811,0.71946,1.613,6.83153,1.53342,0.4427,1.10421,0.95386,1.81056,1.54714,2.83374,1.85505,1.04864,1.11817,2.18558
1.75237,0.53414,0.00235,-0.2014,-0.12917,-0.76215,0.5306,0.2178,5.79114,0.64925,0.0444,0.67133,0.6599,0.79582,0.1651,1.28501,0.6772,-0.07277,0.20041,0.65628
4.23394,2.65855,4.9064,1.40635,6.19355,0.35656,-0.50437,1.345,6.42658,4.17138,5.09266,2.39158,0.0037200000000000002,3.21532,2.9758,4.15081,3.43152,2.23385,2.31073,1.78197
2.47179,2.01873,2.59787,2.15568,2.2044,2.04022,2.19669,2.19674,-0.00181,2.14578,2.72526,2.46548,2.24485,2.71899,1.90429,1.87635,1.76299,1.13641,1.05337,2.56442
2.30225,1.597,2.01292,0.94704,1.21539,0.38444,0.36596,-0.03102,0.56437,1.40118,1.86952,2.03346,0.75237,1.85918,1.07563,1.01639,-0.0489,1.07758,1.68914,1.87757
2.41999,0.71646,-0.02337,0.23441,-0.02441,1.88219,2.57172,5.82596,5.08631,0.78308,-5.5e-4,0.00346,3.07301,2.05592,2.64677,2.32885,3.51256,3.4577,5.3029,4.44434
1.852,0.61983,0.85415,-0.60697,0.63163,-0.4934,0.9283,1.85607,3.42275,0.9082,0.87,0.78419,0.94513,0.0314,-0.01623,1.89908,1.033,-0.20034,-0.89462,1.5475
2.36532,1.43792,1.09835,0.92967,0.61285,-0.26088,1.36563,1.05402,3.7785,1.19525,1.28909,0.65724,1.40303,1.54748,0.35262,2.01555,1.08996,0.21757,-0.02336,1.83745
3.30067,2.52591,2.34002,0.37625,1.37248,-0.04377,-0.004,0.43776,3.65196,2.90261,3.2124,2.19788,-0.38374,2.29207,1.67906,3.16818,2.55876,1.01597,1.82875,1.92506
4.48438,3.47061,1.87583,1.13833,4.62866,0.63752,-0.01839,0.38973,6.00904,4.3158,3.27145,2.85661,0.46537,2.80303,2.78565,5.15243,4.5272,2.28197,2.00144,1.58615
0.18351,-0.1121,0.13092,-0.23344,-0.21202,-0.41199,-0.07106,-0.06538,-1.30079,0.16139,0.21961,0.31428,-0.00456,0.0651,-0.58957,0.38181,-0.02145,-1.01553,-1.47886,-0.44424
0.42985,0.12251,0.03251,-0.23841,-0.34346,-0.77706,-0.09107,0.31401,-0.48411,-4e-5,0.7199,0.03333,-0.12263,0.29769,-0.1082,-0.1995,-0.71018,-1.06988,-0.6878,0.44001
4.45425,3.02679,2.95427,-0.24383,2.81841,0.00691,-2.2e-4,3.5724,6.75095,3.20306,2.56928,2.70361,0.82576,3.41261,3.45423,3.43226,3.54674,2.35922,3.23043,3.13492
0,3.06656,4.44241,3.23134,4.13168,2.80183,2.75117,3.20968,6.77415,2.79947,4.316,2.97773,3.1089,2.77168,2.93711,2.58333,2.78825,2.96271,2.9666,3.05483
2.34253,1.88228,1.48711,1.67019,1.26613,1.45572,1.3119,1.54736,0.74489,1.99859,1.57552,1.64696,1.46477,1.0767,1.31917,-0.0078,0.89344,1.49566,1.47989,2.01839
3.12242,2.3792,1.96592,-0.00601,1.87309,-0.08909,2.34336,4.48913,3.95083,3.0975799999999998,2.23519,1.7463,2.77045,2.35774,2.06038,3.95749,4.37308,1.17775,1.02419,2.37786
1.437,1.03718,1.6149,1.01254,1.299,0.72094,1.21245,1.33182,1.74927,5e-5,0.74121,0.65344,1.2914,0.61562,0.4106,1.34882,1.24249,0.06744,0.32406,1.31963
1.44623,1.64019,2.16956,2.18486,2.49033,2.18997,1.24951,2.03415,5.01616,0.04688,-9.9e-4,2.32006,1.62592,0.74677,2.0617,-0.9762,1.78153,1.43264,0.70442,1.5666
2.36414,1.64446,1.18397,0.52921,0.71081,0.27951,0.79682,1.15576,0.06001,1.88991,1.29927,1.83416,0.82489,1.98107,1.33392,1.78108,0.82535,0.92786,1.35095,1.73793
1.79002,1.25746,1.56037,1.11276,1.21569,0.97653,1.08822,0.92833,-0.03652,1.31785,1.23821,1.47846,1.2242,1.6181,0.91568,0,-0.24818,1.35331,1.4774,1.67038
1.17408,-0,3.84379,0.58169,3.89989,0.22916,-0.11532,2.16283,1.69957,0.53055,1.14984,0.67392,0.266,0.99318,0.53033,2.45519,1.88999,0.09755,0.40088,0.68828
3.62634,1.95035,-0.01586,0.2692,-0.53392,0.36865,12.79032,15.649,5.8138,3.47511,2.00294,1.79988,16.86498,2.21141,3.29722,5.63551,5.77253,2.32431,2.27791,14.6149
2.06302,1.53481,1.57291,0.30656,0.66217,-0.00441,0.01123,0.1172,5.26005,2.02726,1.97037,1.85626,1.10136,1.35571,1.22075,2.89295,1.36109,0.8958,1.1338,1.40534
0,0.54462,1.49383,0.19766,1.09686,0.26148,0.16009,0.66357,1.61343,-0.00235,0.29277,0.86359,0.1566,0.146,0.24553,0.89176,0.77276,0.15876,0.3037,0.82623
4.37881,3.74757,5.20134,2.27179,6.99905,2.48099,11.17884,11.71722,12.09992,4.02399,3.35452,2.64487,19.82006,-0.01608,3.44474,0.78218,2.60644,4.19683,4.19893,8.21304
2.14694,1.64896,1.98745,1.59475,1.62378,1.34101,1.83417,1.678,-0.00152,1.9647,2.0649,2.15699,1.86678,2.01649,1.33837,1.0412,0.6096,1.12342,1.27532,2.29439
1.77123,0.37751,0.36657,-0.64592,-0.0633,-0.51706,-0.30672,-0.0975,0.34473,0.49048,1.2028,0.74862,-0.26516,0.82663,0.11472,0.32739,-0.62462,-0.00559,0.46789,0.5472
3.81809,2.10691,-0.01346,0.56928,-0.42475,1.84721,5.78499,14.77075,6.99411,3.31061,2.39986,2.42724,7.62619,2.72402,3.60471,4.60452,4.37925,4.02107,9.53602,6.98813
1.78339,0.81543,0.63109,-0.07017,-0.04551,0.02003,0.14099,0.12448,4.43112,0.9223,0.90316,1.13921,0.31912,-0.40108,0.37003,1.67489,0.84098,-0.05178,0.16113,1.60066
1.07725,-0,0.46904,-0.28062,-0.04553,-0.43794,0.11635,0.00515,2.98763,0.21258,0.08841,0.80578,0.18604,0.03052,-0.06648,0.28531,-0.30535,0.23798,0.05318,0.44144
1.69266,0.20891,1.02494,-1.68495,0.58915,-1.41833,-1.63787,-0.85348,3.2077,1.47086,0.14711,0.51009,-1.30141,0.7719,-0.69121,0.59861,-0.30035,-0.62243,-0.0523,-0.04618
0,3.53613,13.95542,17.46962,20.64588,16.76418,36.33172,50.21438,13.41482,8.04149,11.67874,8.57325,38.45832,19.5342,23.6392,20.1727,24.8761,22.29364,23.3914,32.97936
1.11834,0.42789,0.27444,-0.046,-0.26613,-0.45509,0.11382,0.5329,2.62643,0.42494,1.10545,0.75987,0.4147,0.96193,0.06268,1.45183,0.59804,-0.00514,0.44986,0.97264
1.11228,0.06863,0.27856,-0.41346,-0.33388,-0.90416,-0.68281,-1.10486,1.87536,0.32318,0.27175,0.78424,-0.51779,0.5148,-0.29355,0.38966,-0.54952,7.9e-4,-0.10128,0.51001
1.46498,0.54326,-0.0011,-1.11246,-0.66326,-1.51212,-0.49615,-1.17633,4.77323,1.44582,1.1314,1.09979,-2.47505,1.22656,0.12053,1.33317,0.78433,-0.59348,-0.54088,0.81106
5.71491,4.09806,3.48991,-0.01259,2.34024,0.39306,3.14887,7.03905,8.64506,4.65806,4.77414,3.627,7.535,4.26814,3.99703,5.72966,4.60191,4.05654,5.35703,4.20833
0,-0.78973,0.23742,-1.73316,-0.70138,-1.41216,-1.36865,-1.46139,3.50155,-0.61907,-0.19399,-0.03093,-2.77391,-0.72456,-0.9749,-0.30469,-0.70296,-0.85816,-0.67334,-0.81802
0.97478,0,-0.08398,-1.07297,-1.18299,-1.41627,-1.12778,-1.43233,1.33586,0.06279,-0.12231,0.42094,-0.71703,-0.12383,-0.19823,0.5298,0.01196,-0.49299,-0.55971,-0.21063
6.08403,4.48495,3.14611,1.86912,2.28666,1.39676,-0.00237,0.19225,8.18394,5.85343,4.37985,4.77729,1.74512,5.1524,3.49361,5.86766,4.89135,4.1333,3.96982,3.54057
0.76132,-0.27514,2.18259,-0.30295,3.00354,-0.42019,-0.00671,0.72371,6.88861,-0.00178,-1.20913,-0.00493,0.20246,0.41253,0.47904,0.94382,0.88657,-0.33017,-0.09555,-0.03705
0.00733,-0.63527,-0.28081,-0.62855,-0.73611,-0.81606,-0.61725,-0.97462,2.46116,-0.67081,-0.40201,-0.14154,-0.55414,-0.70371,-0.5758,-0.00207,-0.55066,-0.89825,-1.17665,-0.69871
0,1.22456,3.10577,6.0735,4.89007,4.31739,13.11237,19.55592,7.01786,1.29189,4.24648,1.53271,14.1884,4.19934,6.94475,6.2972,10.34689,6.53835,6.09384,14.71992
4.34074,3.28197,2.43233,-0.06012,1.27613,4e-4,1.98938,7.26006,6.39637,2.97585,2.44568,2.3828,2.36308,2.41264,1.85866,4.91875,4.21651,3.57133,4.21439,5.40054
0.17998,0,1.18368,-0.08081,0.67512,-0.3414,-0.22425,-0.02504,1.58297,0.10529,0.91972,-0.11956,-0.34069,-0.17271,-0.23979,0.15135,0.28077,-0.13286,-0.75749,-0.35604
2.14431,0.66532,1.62399,0.57577,1.03235,0.70545,0.28077,0.53235,5.3092,1.21259,1.6301,0.84567,0.44303,0.83231,0.33654,1.42903,1.22012,-0.02708,-0.31504,-0.0271
3.03927,2.65104,2.63237,0.00303,1.55792,-0.53495,-1.58274,2.4278,1.9611,3.24368,2.94581,2.14962,3.33155,2.83339,2.31682,3.82793,3.45014,1.044,1.94682,1.9425
0.61726,0.4016,0.60507,0.3252,0.45676,0.36439,0.03251,0.41166,0.1035,0.61429,0.53614,0.63576,0.08329,0.54555,0.4141,-0.0014,0.20073,0.39271,0.43025,0.60305
1.4904,1.37082,1.89847,1.27752,1.85739,0.90588,-0.03179,1.28322,2.64407,0.85824,1.15932,0.77852,-0.0357,0.00508,0.41082,-2.13521,-0.12635,1.02103,0.77629,0.82256
3.3461,2.22285,1.85222,-0.05165,1.05023,-0.33088,1.47139,2.29377,0.33178,3.4457,2.62093,2.34078,3.99769,2.74925,1.204,3.12881,2.0359,1.90575,2.96162,3.06205
0.91993,0.32383,-0.18339,-0.21058,-0.56519,-0.68084,-0.61244,0.42791,-1.69882,-0.20954,-0.26965,0.81993,0.14399,1.23603,0.27141,0.0442,-0.89125,0.00516,0.31676,1.04695
0,-0.82196,0.32842,-0.85023,-0.14841,-1.17118,-1.28897,-0.97589,-0.35075,-0.69921,-0.13726,-0.07922,-1.19377,-0.2909,-1.05085,-0.4311,-0.657,-0.96488,-0.90299,-0.17052
0.97596,-0.42824,-1.17717,-1.20925,-1.38392,-1.7787,-0.66676,-0.26183,1.97176,-0.40927,-4.4e-4,0.05102,0.82665,-0.38796,-0.73334,1.0571,-0.00869,-0.76729,-0.43345,0.09031
5.4914,3.97043,5.31858,0.8059,3.33766,0.89822,-0.00539,1.62573,8.73868,4.28255,5.87323,3.7458,0.05192,2.87505,3.17751,4.95023,4.7291,2.36493,2.16713,2.40204
0.65895,0,1.01166,0.14146,0.77659,0.21314,1.23378,1.20355,3.1429,0.10398,0.40086,0.76386,1.06146,1.17676,0.41386,0.67479,0.37007,0.11872,0.32645,2.14447
0.12748,-0.21423,-0.06068,-0.34892,-0.19731,-0.95491,-1.40498,-0.95836,-1.07571,0.05295,-0.03521,0.05082,-1.06024,-0.02003,-0.43126,-0.94732,-0.66336,-0.48903,-0.51304,0.1942
2.72781,1.40405,1.1001,-0,0.44476,-0.26134,0.81065,0.44133,0.74265,1.96733,2.10604,1.99194,0.96476,1.90842,1.16039,1.82721,0.79746,0.84092,1.07814,1.89016
-0.66634,-2.11232,4.06202,10.76227,5.95648,6.55794,33.54352,51.73352,4.7382,0.00275,2.11686,2.09576,32.34254,9.69207,9.62542,11.11204,11.05436,8.03165,12.14908,30.5819
0.91011,0.03887,0.28509,-0.73476,-0.44783,-0.72809,-0.57705,-0.31537,3.7969,0.12591,-0.19726,0.40858,-0.36513,0.1118,-0.29391,1.17172,-0.00679,-0.24435,-0.21213,-0.37102
3.04237,1.7664,0.83016,-0.00508,0.47146,0.38818,1.45697,1.63626,5.21503,2.84652,1.70082,2.24664,1.50597,1.2087,1.67713,2.51335,1.58274,0.84963,1.39707,1.58739
3.14188,1.11498,0.63071,-1.56146,2.31775,-1.1743,-1.56147,0.67522,5.94364,1.8426,0.48021,1.25966,-1.02996,0.6151,1.02014,2.22934,1.27043,0.56681,0.93763,-0.00994
0.91807,-0.84575,0.09793,0.28209,1.91644,-0.6834,-1.1284,-0.79245,6.85209,-0.30606,1.72528,0.00199,-0.91083,0.08014,-0.06766,0.29909,0.19345,-0.53918,0.74646,-0.25292
0.54422,-0.27047,0.06522,-0.57792,-0.2443,-0.8857,-0.68434,-0.57251,2.52882,-0.40789,-0.56394,-0.10427,-0.15149,0.17465,-0.40848,-0.01265,-0.40945,-0.44797,-0.21311,0.2038
1.37384,1.47974,0.62026,-0.0574,0.138,0.66429,0.24911,0.48322,1.68975,1.52797,1.12129,1.87301,0.35933,0.96199,-0.04851,0.65794,0.53764,-0.02121,0.20369,0.63636
2.81773,2.01627,2.24289,-0.00387,1.36086,0.23263,0.59959,0.60687,4.04441,2.42471,3.12855,1.56088,0.86055,2.43237,1.67251,2.37505,1.59522,1.04493,1.0441,1.70647
-0.16838,0.59222,1.64405,0.62335,2.50035,0.73469,0.11647,2.06628,5.12019,0.50438,0.99574,0.49116,0.085319999999999993,-0.36796,-0.1201,0.4419,0.49942,-0.68788,-0.49227,3.4e-4
3.74646,2.35463,0.00679,-0.50067,-0.60781,-0.84744,-0.35237,-0.05862,8.45128,3.21583,1.8721,1.60321,0.13436,1.1715,0.84024,2.26608,1.72287,0.72039,1.57398,1.62454
3.27809,2.86497,4.1474,2.77728,3.58051,3.07408,3.32789,3.8479,0.78431,3.63692,3.64001,3.62638,3.42393,2.55457,3.33224,-0.00373,1.57545,3.76638,4.1735,3.35483
3.96282,2.61576,2.57257,2.1014,2.20234,2.23742,2.80362,2.8653,0.01054,2.75758,3.71952,3.36443,2.95417,3.58272,2.61013,3.29824,2.19756,2.41723,2.65699,3.3481900000000002
1.20598,0.39324,0.61565,-0.22229,0.21144,-0.63891,-0.73197,-0.59036,1.9828,0.2137,0.08202,0.93229,-0.56029,0.1671,-0.16782,0.24819,-0.03491,-0.09117,0.3099,0.79084
1.58566,-0.05967,-1.3212,-2.26581,-1.97476,-2.94709,-0.34909,0.43387,1.72673,0.79159,-0.0788,0.07792,0.64357,0.00409,-0.31656,0.96665,-0.1233,-0.36559,-0.11749,0.8835
5.33301,4.02483,3.09239,1.22643,2.20759,1.09883,-0.02302,2.81984,2.99945,4.19241,3.11719,3.69844,1.15839,4.16036,3.83179,5.19002,4.25503,3.38777,3.88398,3.09535
0.91523,0.11892,0.38777,-0.55455,-0.33287,-0.71311,-0.97319,-0.84743,0.73982,0.23491,0.52731,0.82643,-0.56363,0.73902,0.05667,0.70586,0.16016,-0.11102,-0.02615,0.38032
3.54152,1.78327,2.08488,-1.8e-4,1.28841,0.10715,0.20643,0.52931,3.71,2.76939,2.02834,2.34971,0.24007,1.62488,1.06343,2.86378,1.70753,1.21398,1.75344,1.10339
3.34919,2.4256,1.69743,-0.02939,1.25871,-0.32426,-0.93956,-1.15365,6.54288,2.46143,2.47296,2.55838,-0.42566,2.87527,1.8665,3.49175,2.1817,1.79111,1.76284,1.74167
-0,-0.52085,2.13091,1.02806,1.46324,-2.26007,12.01124,9.7131,4.36761,0.39221,1.75719,0.79176,18.01228,4.13249,3.22806,4.72154,4.21685,1.36609,3.09951,9.24734
0.79032,0.13687,0.06529,-0.99943,-0.56135,-0.99637,-0.36512,-0.46283,1.52933,0.32109,0.2435,0.14911,-0.23742,-0.0306,-0.4255,0.13449,-0.64186,-0.78334,-0.39737,0.52982
3.57117,1.67254,-0.00122,0.86249,-0.81429,-0.64673,7.39641,8.80519,3.69212,2.32109,1.50628,2.1606900000000002,11.13802,3.19233,1.23608,3.43431,1.25695,2.05313,2.27729,6.16119
5.21284,3.7889,1.96894,-9.5e-4,0.87524,-0.19771,1.19304,2.57863,8.45913,4.02168,3.49897,3.67917,4.86574,3.78422,2.49052,5.28324,3.74759,3.83376,3.85526,2.62862
2.84179,1.57888,-9.6e-4,-1.07424,-1.08614,0.06417,3.78611,6.79349,5.30157,2.30847,2.0876,1.84747,7.75352,1.74936,2.56611,3.74947,2.96313,2.10528,2.50794,7.56673
0.38498,-0.59839,-0.22834,-1.13896,-1.12218,-1.81972,-1.33518,-1.70896,2.39189,-0.40049,0.352,-6.3e-4,-1.17421,-0.05409,-0.63646,-0.25701,-0.73621,-0.85696,-0.76395,-0.25071
3.59217,1.88826,-0.00177,0.0452,-0.54889,0.0278,7.27178,4.81806,5.9572,2.2809,1.98557,2.21195,7.64303,2.13762,1.74613,3.76884,2.87197,1.50406,2.21625,4.7439
5.59708,3.92533,2.9053,-0.00516,1.24453,-0.15868,3.06025,2.26186,7.63225,4.50178,3.32032,3.84728,6.96348,3.44678,2.92182,5.33058,4.36327,4.50536,6.49308,3.41995
1.17299,0,1.65898,-0.54213,1.09253,-0.49963,0.13666,0.19973,5.87625,1.00619,2.13068,0.78023,0.24158,0.76825,0.02977,0.87912,0.02719,-0.00234,0.3201,0.82238
1.10602,-0.06569,0.49936,-0.25411,-0.15027,-0.77803,-0.28009,-0.89243,3.73539,0.21609,0.73464,0.63834,-0.20595,-0.0268,-0.33876,0.85663,0.40143,-0.29178,-0.39146,0.01123
2.02206,0.76706,0.24275,-1.23114,-0.98003,-1.18268,-0.76839,-1.13981,4.17088,0.70365,0.37857,0.51252,-0.47908,0.2649,0.0863,1.1896,0.61182,-0.51118,-0.28195,0.00223
4.10123,3.70899,4.22262,1.22601,3.74844,1.06387,-3.5e-4,1.44868,6.07022,4.38576,4.37949,3.25587,2.10752,2.82052,3.35652,5.25439,4.69593,2.75971,2.45317,1.9057
0,2.96007,3.82319,2.99704,3.57409,2.80856,2.70372,3.01437,5.56219,2.14319,3.39294,2.99566,3.0444,3.20103,2.68928,3.14402,3.38596,0.55822,1.58666,2.42396
0.38655,0.12339,0.47973,0.25309,0.34984,0.29177,0.28314,0.1604,-0.69718,0.21599,0.46752,0.4679,0.32025,0.36824,0.3398,0.07652,-0.06574,-0.00305,0.22292,0.47245
1.00939,0.06569,0.66558,-0.9425,0.21475,-1.21124,-0.76351,-0.13165,1.36984,0.61373,0.64748000000000006,0.32496,-0.4171,0.41888,-0.37325,0.6014,-0.03004,-0.55912,-0.30442,0.6578
5.59881,4.47958,5.23538,3.12793,4.54311,0.73241,-0.11007,3.04778,6.98456,5.82114,5.84189,3.86797,1.4789,4.59768,5.0204,5.29297,6.17848,4.82235,5.67735,3.70923
0.51483,0.29009,1.26573,-0.10411,0.83067,-0.27587,0.2283,0.69499,2.49556,-0.24506,-0.00308,0.75277,0.37569,0.15967,0.44533,-0.84351,0.18351,0.29919,0.63333,0.74257
2.21598,1.73236,1.73071,1.38676,1.57365,1.03804,1.27173,1.27315,3.8e-4,1.96079,1.79888,2.06072,1.36813,1.77973,1.15823,1.00399,0.65755,1.43195,1.69132,1.8142
1.82527,1.16372,1.25949,0.72621,0.56489,0.22354,0.13444,0.39922,-0.00914,1.27031,1.44586,1.42841,0.69913,1.55695,0.76785,0.77469,-0.09357,0.91535,1.28574,1.59833
2.90097,1.20273,-0.00651,-1.6653,-0.42222,-1.10158,-0.32872,0.09451,2.04976,1.68712,0.15999,1.34602,0.00306,1.24705,0.8434,0.63554,0.86946,0.07789,0.01067,0.81247
1.55952,0.17241,0.7415,-0.85493,0.64852,-0.77076,2.67869,0.17886,5.3519,0.46199,1.32774,0.6677,2.21666,0.81051,-0.01614,1.55526,-0.31309,-0.36621,0.06687,0.63864
0.83438,0,0.44445,-0.27827,-0.223,-0.55973,-0.50941,-0.57186,3.18713,0.17964,0.80035,0.52699,-0.4246,-0.06636,-0.03292,0.02214,-0.29138,-0.11636,-0.34601,0.25361
2.07307,0,2.32884,4.67856,2.24184,1.90639,7.67359,10.45399,3.65989,0.58375,1.09249,1.97614,7.05006,4.2184,5.23939,6.09318,6.3451,4.51049,3.9682,8.23501
6.81766,4.67956,2.98943,1.34838,1.94231,0.62878,0.24326,0.74175,8.46938,5.2736,4.64256,4.82853,-0.06745,4.49701,4.3986,6.31698,5.59313,3.40692,4.34253,3.02234
1.22269,0.34771,0.10798,-1.03966,-0.86407,-1.10748,-1.34085,-0.2673,3.0213,0.3126,0.15643,0.60234,-0.88514,0.50903,-0.01516,0.73016,0.0551,-0.57151,0.06151,0.22058
1.54189,0.26108,0.463,-0.04975,-0.47909,-0.2671,-0.00723,0.80315,2.0419,1.41665,1.71812,0.92084,0.17317,0.10358,0.31325,1.72172,0.76734,-0.01557,0.14848,-0.11899
4.48017,2.38405,-8.7e-4,-1.08401,-0.54065,-0.6706,4.15015,0.73718,6.87482,4.0659,2.3555,2.55435,10.20299,4.02661,1.85197,4.77194,3.66663,4.60195,6.07073,7.49929
2.79542,1.76254,-0.00513,-1.0494,-0.60059,0.53578,1.90425,2.04778,6.39538,2.38975,1.49986,1.55284,2.88256,1.25445,2.6575,3.09144,3.19908,2.471,3.92721,2.98648
0.93103,0,0.30378,-0.67929,-0.41044,-1.18951,-0.5348,-0.4008,3.63849,0.12104,0.10737,0.75685,-0.32473,-0.09031,-0.0762,0.43071,-0.23554,-0.04951,0.20256,0.1245
0,-0.0246,1.66999,-0.2635,2.31716,-0.30375,-0.16492,2.67225,6.06818,1.58545,0.75099,2.17633,0.8199,2.43094,1.42637,2.74799,2.33474,3.24236,4.39067,4.29042
3.64818,2.00597,-0.0028,0.76313,-1.16303,-0.80399,0.67374,-0.4789,5.04115,2.37799,1.12048,1.56864,1.59823,1.5176,2.097,3.00077,2.31923,1.29358,2.16088,1.27756
1.44217,0,1.57569,2.70831,2.1079,-0.1608,9.68504,10.71396,3.85672,0.86302,1.15386,1.27762,13.99501,2.96006,3.26826,4.84639,3.68592,5.64921,2.98109,6.52271
1.35276,0.30822,0.20232,-0.59438,-0.38567,-0.53048,-0.09247,-0.09522,3.39396,0.50132,0.12314,0.85335,-0.01811,-0.00508,-0.41217,0.87395,0.2266,0.23061,0.3903,0.47071
1.96385,0,4.06388,11.9413,8.57006,3.56056,19.74726,22.63916,4.5385,0.58758,1.62919,3.02462,22.18008,8.3879,8.23828,8.02655,7.70146,8.20949,11.42647,17.29148
4.85662,3.25493,3.14625,-0.02686,2.7953,0.02539,1.65183,0.25069,7.91125,3.74439,3.36456,3.01819,2.06428,2.71229,2.10488,4.64588,3.21842,2.60074,2.72301,2.27403
0.20032,0,1.51207,0.50433,1.76252,0.02303,1.00006,1.65974,5.57213,-0.40844,1.61347,0.10671,1.24309,1.15768,-0.02771,1.72289,0.11003,0.1026,0.62138,1.90807
-0.12474,-1.24284,-0.47857,-0.91617,-0.86971,-1.51583,-0.78852,-0.47639,5.76477,-1.25484,-0.64302,-1.05564,-0.18672,-0.39182,-0.89016,-0.36937,-0.85039,-0.3789,-0.11828,-8.4e-4
-0.09164,0.56385,1.32941,-0.34479,0.94101,-0.15595,-0.70402,0.70086,0.82358,1.19423,2.50428,1.0389,-0.35768,-0.13723,0.62628,0.93893,0.99087,-0.00512,0.25773,0.72835
4.77287,3.6646,3.48404,2.67407,2.79224,1.66585,0.42406,3.24026,6.73397,3.40874,2.97305,3.80527,0.00312,3.37721,3.68606,4.47932,4.06299,2.57939,3.27746,3.43518
0.61552,0.61493,0.63408,0.43037,0.47265,0.22474,0.04711,0.58611,-0.10283,0.0165,0.0429,0.23794,-1.16411,0.06664,-0.11844,0.57531,0.55799,0.36444,0.19121,-0.09875
