WT residue type,chain ID,Residue #,G,A,V,L,I,M,F,W,P,S,T,C,Y,N,Q,D,E,K,R,H
V,E,1,-0.08253,-0.07095,-1e-05,-0.09621,0.06121,-0.25422,-0.09911,-0.58445,0.04078,-0.08567,-0.06519,-0.06883,0.07535,-0.11747,-0.04861,-0.03283,-0.06717,-0.15168,-0.19696,-0.01252
L,E,2,3.68678,2.7298,2.16396,-0.0119,1.45102,-0.81161,2.33222,2.10642,2.88144,3.59543,2.71988,2.21246,4.36197,3.25251,2.49181,4.30031,1.90351,2.11768,1.25325,3.67437
S,E,3,0.85096,0.89338,2.88002,1.33293,2.96496,1.06788,1.36803,1.66918,2.64499,0.00201,0.72978,1.74537,1.48978,0.40967,1.36899,-2.42025,0.5562,1.08615,1.27528,1.36562
P,E,4,1.9113,1.48512,1.70553,1.42621,1.44215,1.32201,1.47224,1.21531,-0.00176,1.70267,1.76824,1.93955,1.7415,1.87141,1.25446,0.8656,0.48365,1.53127,1.64656,1.92297
A,E,5,0.63714,0.0,0.38124,-0.24254,-0.15337,-0.41689,-1.14045,-0.22193,-0.66747,0.05684,0.03888,0.60478,-0.90836,0.38179,-0.304,-0.60839,-1.27368,-0.32389,-0.11292,0.35286
D,E,6,3.76696,2.23257,2.45278,1.34942,1.62217,1.63379,3.15892,5.15754,4.64194,3.09937,1.65939,3.02117,3.56313,1.98231,2.11515,-0.00879,1.40407,2.84026,3.72231,3.04358
K,E,7,1.61562,0.63218,0.0687,-0.50442,-0.72166,-0.91108,2.22639,0.9148,3.60583,0.73213,-0.19536,0.84955,2.64115,1.48789,0.13158,2.46842,0.95497,-0.01011,0.36867,2.40769
T,E,8,0.1336,-0.52766,-0.21413,-0.62613,-0.70722,-0.96656,-0.88944,-0.82937,2.50387,-0.53881,-0.00035,0.11541,-0.79769,-0.3875,-0.88968,-0.44491,-0.83639,-0.91805,-1.10498,-0.22161
N,E,9,1.54849,0.1356,2.3441,-1.30133,2.27696,-0.90792,-1.32071,-0.15868,3.50641,1.61514,2.72974,0.68325,-1.11204,0.00035,0.48459,1.55949,0.87624,-1.36234,0.23496,-0.6525
V,E,10,3.87426,2.10918,-0.00317,-0.64528,-0.25273,-0.3537,13.1333,8.51793,5.94411,2.5948,1.25395,1.17818,13.78703,1.46738,2.19523,3.4752,3.38574,3.41563,1.91133,9.0035
K,E,11,2.01341,1.38416,1.03944,-0.14712,0.49284,-0.16554,0.76904,0.99489,4.05395,1.39567,1.41822,1.47783,1.20948,0.80793,0.68994,1.78156,1.20309,-0.01613,-0.2788,0.35686
A,E,12,0.90714,0.0,0.3939,-0.588,-0.0857,-1.54377,0.07516,-0.69473,2.96537,-0.07177,0.08383,0.66597,0.09826,0.00818,-0.17521,0.46467,0.09027,-0.35501,-0.2053,0.32986
A,E,13,1.83571,0.0,-1.17153,-2.76229,-1.69164,-3.98175,-2.48715,10.45363,4.79381,1.41834,-0.33229,-0.20356,2.81468,0.44869,0.48407,2.31674,1.91649,0.8163,5.12224,-1.08648
W,E,14,5.81851,4.39644,3.17131,1.77611,2.1182,0.90518,0.42585,-0.03921,7.44153,4.69751,3.25946,4.34463,0.98841,4.48296,3.8348,5.70865,4.60431,3.33456,3.33774,3.41742
G,E,15,0.0,-0.09118,1.15727,-0.35079,0.70751,-0.39934,0.18153,-0.44503,5.05946,-0.01307,0.93196,0.79697,0.22104,0.09984,-0.21274,0.50769,0.19516,-0.02475,0.11058,0.64243
K,E,16,1.62463,0.40607,1.02207,0.43135,0.90013,-0.0668,0.94294,1.3558,2.83857,0.80377,1.32856,0.99452,1.00112,0.67053,0.21398,1.89089,0.96195,-0.00379,0.16091,0.52785
V,E,17,4.1545,2.56318,-0.0098,-0.2968,0.98378,1.38518,5.9784,5.31187,6.83107,3.96445,2.45835,2.74886,9.72457,4.66868,4.44978,4.98837,5.84401,5.2851,4.59774,7.51255
G,E,18,0.0,2.48031,3.65375,2.2279,3.37122,2.1293,2.13716,2.24231,9.12084,1.33921,2.33952,2.17532,2.13821,2.02136,2.02833,2.33403,2.33089,1.5455,1.29275,1.58377
A,E,19,-0.07293,0.0,0.12434,-0.39962,0.05472,-0.09019,-0.04278,0.16832,-1.04092,-0.08377,0.14727,0.07369,-0.0298,-0.20147,-0.24599,-0.1239,-0.29669,-0.06915,0.03162,0.13098
H,E,20,0.75927,-0.10281,1.38676,-0.67844,1.48735,-0.74492,0.05483,0.08029,1.93395,0.18016,0.50768,0.35244,0.09993,-0.33548,-0.57495,0.03303,-0.31995,-0.85777,-1.24495,-0.06082
A,E,21,1.19156,0.0,0.08881,0.65878,0.09408,-0.45562,-0.25872,5.32548,3.9236,0.59131,0.39864,0.27042,-0.81598,1.53839,1.35577,1.76334,1.82303,0.43927,-0.62147,2.20498
G,E,22,0.0,-0.60213,-0.1732,-0.62732,0.35163,-1.41671,-1.35112,-0.45328,-1.64465,0.29412,0.1355,-0.12822,-1.24152,-0.35155,-0.48785,-0.14123,-0.42731,-0.56703,-0.33972,0.216
E,E,23,0.99618,0.2337,0.45522,-0.71839,-0.18849,-0.76168,-0.85381,-0.07611,-1.61292,0.29844,0.31279,0.78333,-1.01035,0.65181,-0.25831,0.51647,-0.02456,-0.35081,-0.38382,0.62479
Y,E,24,3.63671,2.12195,1.34778,-0.51885,1.1986,-0.57832,-0.63328,1.65187,5.40847,2.45551,1.40318,2.17535,-0.02259,2.17168,2.59387,4.45239,3.67079,2.58482,2.60991,2.30053
G,E,25,0.0,2.3863,11.1509,11.68742,12.29152,6.76762,43.36506,46.2735,10.61862,6.10385,11.814,7.31775,48.80422,15.99288,9.76211,15.6207,11.00642,15.1939,16.0587,33.0637
A,E,26,1.39428,0.0,-0.43548,0.23438,-0.07964,-1.63691,-1.06808,0.16702,2.83742,0.28341,0.09573,0.38423,-0.26159,1.46113,-0.06357,3.14504,1.64767,-0.58158,-0.29846,0.69997
E,E,27,0.59928,-0.8777,-0.89061,-1.60801,-1.89075,-1.68736,-1.73054,-0.73745,1.59155,-0.22865,-0.64578,-0.02479,-2.3346,-1.34474,0.15663,0.34825,-0.05198,-1.66626,-1.08451,-0.97404
A,E,28,1.86346,-0.0,2.3692,3.18846,1.95236,-0.2155,13.0643,16.50624,4.84939,0.66616,1.51027,2.00231,16.51966,6.45416,3.50551,8.23193,5.529,5.2323,6.65879,12.7584
L,E,29,4.98057,3.31327,3.15504,-0.03403,2.24633,0.50537,0.79176,2.79414,6.93807,4.67381,4.11683,3.5211,1.10975,3.07344,3.5259,3.48057,4.02252,2.9981,3.26622,2.56852
E,E,30,1.3299,0.06486,-0.55089,-1.73348,-1.50246,-1.91498,-2.10117,-2.39616,3.63946,0.16369,0.27368,0.40825,-0.62942,0.45945,-0.26249,1.26268,-0.03897,-0.14934,0.17772,-0.0263
R,E,31,2.25166,1.20018,0.6602,-0.34011,-0.18923,-0.37345,-0.31303,0.07771,4.76743,2.22346,1.80795,1.28644,-0.92193,0.86456,0.4576,2.39454,1.29689,0.21892,-0.11552,0.19488
M,E,32,4.73427,2.76007,2.64004,-0.0257,2.97099,-0.0181,8.55272,10.51122,12.13504,4.18062,2.72472,3.02632,13.61242,4.22975,3.21053,4.98176,3.92161,2.13526,3.0743,8.37061
F,E,33,6.4463,5.05723,4.5789,1.65451,3.54098,1.39752,-0.02855,3.19236,8.81113,5.56813,4.12803,4.86442,0.62193,5.56004,4.98009,7.18278,6.05387,4.80637,4.43249,3.32465
L,E,34,0.88453,0.22564,0.44118,-0.0006,0.03935,-0.32509,0.27637,0.00491,2.78164,0.25323,0.21023,0.72903,0.41582,0.16077,-0.12681,0.95286,0.48211,-0.21137,-0.16887,0.38184
S,E,35,1.32554,0.01564,0.62048,-1.3455,-0.03143,-1.76803,-0.92575,-1.69026,3.68484,-0.00015,0.31085,0.11934,-1.14654,-0.27875,-0.36081,0.61484,0.01502,-0.70995,-0.53972,-0.1198
F,E,36,5.07777,3.30772,2.38534,1.87718,1.60401,1.15981,-0.00547,1.13901,6.79175,3.86986,3.94265,2.87373,0.60767,3.10759,2.24707,3.15831,2.91717,1.85173,2.01279,2.62088
P,E,37,2.2514,1.88355,2.34801,1.8396,2.27415,1.83129,2.04623,2.08722,0.00024,2.22674,2.39491,2.45356,2.11903,2.06037,1.61367,1.41694,1.03642,0.83499,0.78205,2.19896
T,E,38,0.41125,-0.31096,-0.5001,-1.4582,-0.90313,-1.9876,-0.65291,-1.06759,-1.46337,0.13462,1e-05,-0.07534,-0.36569,-0.38358,-1.15205,-1.41704,-2.06402,-0.92401,-0.50302,0.11412
T,E,39,2.80656,0.90392,0.30615,1.50981,0.35183,-0.48769,4.00252,4.61469,5.28645,1.67897,0.00481,0.42676,5.25976,1.02135,3.22963,1.0375,3.08952,2.68133,2.89501,5.52743
K,E,40,1.89319,0.86917,1.26634,0.78283,0.87909,0.00864,1.66899,2.21395,5.35819,0.90752,0.2366,1.06091,1.72121,0.90431,0.14748,2.68106,1.07626,8e-05,-1.40286,2.49277
T,E,41,0.35346,-0.47739,-0.14996,-1.06143,-0.95325,-1.09396,-0.16903,-0.18889,2.08834,-0.41815,-0.00403,-0.15223,-0.06923,-0.27086,-1.04412,0.03299,-0.87643,-1.04152,-0.98689,0.05081
Y,E,42,2.92448,2.37011,2.59427,0.5935,1.54246,0.47571,0.42283,0.9168,3.34532,2.56408,2.80307,2.12049,-0.02123,2.37364,1.75099,3.07538,3.03714,0.70065,1.64809,1.57027
F,E,43,4.04092,3.49625,2.10844,1.25701,6.14695,1.19644,-0.01989,0.68724,5.62623,4.23968,4.07092,2.95305,-0.30841,2.83277,2.70643,4.83168,4.0673,1.93912,1.26314,1.23477
P,E,44,1.78441,1.59376,1.94618,1.57769,1.71605,1.48558,1.45403,1.74705,-0.01511,1.77307,2.14983,1.79295,1.57857,1.66691,1.05643,2.085,1.9337,0.54759,0.38973,1.242
H,E,45,0.34604,0.13033,-0.05748,-0.43734,-0.35704,-0.94205,-0.5708,-0.50926,0.73442,0.17672,0.39232,-0.2056,-0.5169,-0.13492,-0.41096,-0.03181,-0.45232,-0.53106,-0.70774,0.00291
F,E,46,4.38109,2.60635,1.70926,-0.20262,2.10248,-0.57449,-0.08642,1.2558,5.17471,3.58936,1.91385,2.78691,0.4865,3.40823,2.82211,3.96416,3.01188,1.87071,2.64612,2.92108
D,E,47,2.52756,2.24848,2.18906,1.87186,1.87909,1.87678,1.83745,2.20909,1.23098,2.48099,2.12342,2.05142,2.06548,1.12722,1.67127,-0.00923,1.44608,1.94905,2.30053,2.53771
L,E,48,4.14659,3.40308,2.60994,-0.00884,1.2794,0.82653,3.79069,3.12829,3.79091,3.96357,2.7091,2.56104,3.31343,1.74698,2.28551,3.77409,4.12789,1.93227,1.48347,4.01127
S,E,49,0.98423,0.77759,1.35607,0.90844,1.30494,0.78521,0.55385,1.35304,1.49393,-0.00025,0.40779,0.83382,0.60178,0.20777,0.65985,1.14607,1.11747,0.59422,0.22348,0.74529
H,E,50,0.1195,0.24672,0.48435,0.10959,-0.20144,-0.25704,-0.03491,0.20871,-0.56636,-0.28414,-0.2591,-0.03094,0.11808,-0.216,-0.13624,0.27599,-0.0057,-0.24593,-0.18608,-0.04421
G,E,51,0.0,2.6172,4.86339,2.35315,4.74235,2.39194,3.6161,3.82592,6.69902,2.49988,3.35751,2.55171,3.72935,2.12675,2.49323,2.592,2.37242,1.85056,1.76932,2.29346
S,E,52,2.40105,1.58761,4.76447,9.26182,5.76447,5.77537,17.60244,19.56466,4.95963,-0.0001,1.98126,2.14453,21.2648,5.23965,7.03768,1.94312,5.01054,7.52627,8.0857,15.52798
A,E,53,0.57707,0.0,0.31297,-0.04129,-0.06318,-0.19045,-0.32111,0.13153,-1.72083,0.37629,0.38583,0.54771,0.1767,0.37646,-0.31935,-0.95704,-1.02179,0.1332,0.32313,0.56988
Q,E,54,1.92315,0.52671,1.34437,-0.20608,2.10443,-0.06766,0.28366,0.36595,-0.22068,0.75312,0.58134,1.28438,0.4043,0.34994,-0.00271,-0.22726,-1.38426,0.02879,0.51169,0.90944
V,E,55,2.98241,1.72833,-3e-05,-0.85006,-0.58512,-0.2412,7.0832,11.64044,4.73639,2.22452,1.24089,1.85448,4.89225,1.6298,2.29242,3.14109,4.07992,1.0077,2.32904,7.13038
K,E,56,1.20109,0.423,0.52187,-0.15247,-0.0443,-0.6418,0.125,-0.47151,3.27279,0.47085,1.26492,0.98872,0.2752,0.3423,0.01673,0.72724,0.31749,-0.02461,0.12339,0.73203
G,E,57,0.0,-0.70245,-0.22991,-0.93294,-0.73347,-1.37886,-0.85585,-1.28318,1.65292,-0.85038,-0.77493,-0.05648,-0.82852,-0.79633,-1.00335,-0.72021,-1.09231,-0.73703,-0.9677,-0.52166
H,E,58,1.8783,0.39519,0.65592,-1.48452,-0.12654,-1.58522,-1.83437,-1.15676,3.35623,0.84978,0.04087,0.59588,-1.47559,0.75087,-0.48715,0.7317,-0.0912,-0.32867,-0.01205,-0.01365
G,E,59,0.0,3.5804,14.86396,16.3684,17.45802,12.13686,28.1886,31.2145,13.10528,6.78261,11.5286,7.50166,27.53952,16.42316,20.73236,17.60546,21.27336,15.00328,15.85174,25.51674
K,E,60,0.88978,0.17152,0.30803,-0.3361,-0.23509,-0.25153,-0.14591,0.11859,1.13055,0.09452,0.00188,0.86014,-0.04033,0.22957,0.00345,0.76241,0.14064,-0.00393,-0.27452,0.18399
K,E,61,1.14077,0.29134,0.58975,-0.08933,0.09991,-0.70202,-0.78086,-0.73957,1.47427,0.28254,0.19815,1.00822,0.00718,0.81262,0.02358,0.75703,0.40601,-0.03336,-0.12283,0.65525
V,E,62,2.66812,1.28089,-0.00016,-1.14076,-0.51837,-1.88845,-0.86488,-1.5524,5.58495,1.88874,0.73087,1.72962,-0.47657,1.99828,0.44416,2.34049,1.34254,0.9175,0.63159,0.75511
A,E,63,1.65057,0.0,4.9242,5.78993,5.71289,2.16484,9.62406,14.21828,5.47873,0.83998,5.71731,2.21072,13.0455,5.8828,3.99268,8.78238,7.10465,7.66928,7.96943,17.09042
D,E,64,0.36906,-0.50547,0.27142,-0.89027,-0.61352,-1.4556,-1.16817,-0.56702,3.24812,-0.39796,-0.30202,-0.04628,-0.95091,-0.07839,-0.26784,-0.00575,-0.51958,-0.46669,-0.18491,0.02145
A,E,65,1.33848,0.0,-0.1319,-1.4672,-0.87169,-1.64575,-1.3491,-1.59449,2.9978,0.25787,0.4971,0.62612,1.86091,0.64022,0.17876,1.38382,0.41063,-0.47419,-0.19749,0.10756
L,E,66,4.44741,2.79971,0.94806,-0.01292,0.0825,-0.20299,-0.43732,1.01095,5.10965,3.95964,2.7058,2.91828,0.20143,2.65359,2.3083,4.14552,3.08641,2.001,2.14686,1.3797
T,E,67,-0.09305,-0.89326,-0.92118,-2.63747,-2.307,-2.95372,-2.31324,-1.59158,2.61128,-0.01702,-0.00483,-0.5218,-1.04071,-0.68091,-1.29688,-0.0712,-0.64304,-1.83372,-1.72347,-0.39926
N,E,68,0.81504,-0.15339,-0.10519,-1.11928,-0.67987,-1.62813,-0.38734,-0.22852,2.94171,0.00801,0.40478,0.44608,-0.26811,0.00069,-0.62874,0.40947,-0.25003,-1.31992,-0.99746,-0.49228
A,E,69,2.19268,0.0,0.21228,-0.83857,-0.35372,-0.57029,7.76437,10.18737,3.65387,1.51562,1.89664,1.63748,9.63217,3.46816,3.72212,4.38531,4.53436,4.21982,5.4755,8.27109
V,E,70,3.37305,1.96789,-0.01712,1.01173,0.78835,0.13791,3.8917,4.618,6.49917,2.41657,1.42958,1.83337,3.80212,2.58997,2.38689,4.20815,3.26775,1.75833,1.92693,6.96385
A,E,71,0.88371,0.0,1.21252,-0.55923,0.29618,-0.5509,-0.38469,-0.61763,3.2199,0.66581,1.55664,0.61358,-0.31252,-0.09326,0.13587,0.88194,0.00109,-0.59836,-0.38438,-0.28739
H,E,72,1.56632,2.0076,2.36097,1.90146,2.76699,1.53622,0.8378,1.24379,4.98222,2.23636,2.40556,1.85088,1.18776,1.23424,1.30838,2.83939,2.42452,0.89918,0.62701,-0.02963
V,E,73,2.10568,0.92743,-0.00545,-2.21712,-1.33397,-2.17441,3.14793,7.99183,0.19642,1.79723,1.415,0.66029,6.5947,0.74568,1.30481,3.18563,2.66479,2.39793,1.82758,3.53813
D,E,74,0.11895,-0.14382,0.09276,-0.53256,-0.15712,-0.71215,-0.70185,-0.32994,0.61062,0.15121,0.27358,0.13531,-0.6012,0.02695,-0.24996,-0.0,-0.21511,-0.46016,-0.46956,0.21377
D,E,75,3.08224,3.11572,3.61486,2.63925,3.28145,2.78657,2.20723,3.04543,5.22544,2.85332,2.9398,2.74094,2.44239,1.80804,3.34803,-0.01177,1.68325,2.66657,2.91872,2.6239
M,E,76,4.31766,3.01248,2.06113,1.17444,0.73922,-0.03867,3.04435,4.50154,1.50027,4.40125,3.40759,2.43991,4.33831,2.68832,2.98972,5.00049,2.92623,2.41564,2.24265,4.73941
P,E,77,2.41006,1.81017,1.93719,1.20595,1.4261,0.79739,1.05041,1.16171,-0.00369,2.27865,2.12087,2.32871,1.33379,2.22497,1.52213,1.95907,1.25755,1.41498,1.49466,1.89782
N,E,78,0.65667,0.38987,0.69352,0.14274,0.64283,0.28319,0.50491,0.4822,1.02442,-0.01556,0.73906,0.64133,0.47506,-0.00077,-0.20797,0.84151,0.50569,-0.15082,-0.00943,0.13186
A,E,79,1.40683,0.0,0.05205,0.56167,0.44346,-0.24118,11.4227,10.82323,2.52966,0.78587,0.61859,0.42182,11.92537,1.16678,0.35112,1.24985,0.28464,-0.34145,1.24315,5.89016
L,E,80,4.98608,4.21667,3.46604,0.01959,1.93297,-0.33109,1.90194,4.54886,7.9593,4.73253,3.66154,3.44028,4.2804,2.6387,2.68566,4.89707,4.3261,2.42335,2.75453,2.14544
S,E,81,0.50246,-0.13562,0.29806,-0.37969,0.14533,-0.13886,-0.06604,0.24742,1.62265,-0.00018,-0.51641,0.27268,0.17725,0.12585,-0.42227,0.20995,-0.01139,-0.97362,-0.8455,0.24365
A,E,82,0.47043,0.0,0.21623,-0.00866,0.00098,-0.33202,-0.13542,-0.49545,-1.21213,0.2789,0.22298,0.47427,-0.00083,0.28458,-0.26257,-1.0101,-0.75501,-0.02648,0.1238,0.42241
L,E,83,3.42376,2.0385,1.21553,-0.0014,0.38356,-0.23571,1.09469,0.44111,1.59638,3.05068,2.07696,2.269,1.46388,2.61673,1.71556,2.46405,1.12453,1.69033,1.93997,2.42999
S,E,84,0.47588,-1.03532,-0.58581,1.27779,-0.59913,-0.33909,15.5972,12.9016,3.93016,0.00422,-0.40349,0.36371,18.31936,2.62473,2.83784,4.22106,3.4009,1.62405,0.32423,12.3069
D,E,85,0.57899,-0.18306,-0.21123,-0.84156,-0.88952,-0.93686,-0.21427,-0.84216,2.19351,0.08424,0.45513,0.50461,-0.1797,0.1834,-0.12108,0.00136,-0.53646,-0.41616,-0.17944,0.38104
L,E,86,2.77687,1.609,1.15286,-0.00371,0.43516,-0.04251,0.0588,0.687,4.37789,2.4959,1.7769,1.93943,0.22167,1.12594,1.28197,2.16117,1.25028,0.69418,1.01192,1.62006
H,E,87,3.30415,1.57862,-0.36613,-1.15694,-0.66318,-1.37716,-2.01576,0.17699,4.52831,2.18119,1.69392,1.39789,-1.5923,1.36244,0.29578,3.48241,0.71754,0.92898,1.23898,-0.10019
A,E,88,1.47873,0.0,3.25088,8.62687,3.82549,5.3947,8.23764,11.4089,4.20621,0.7258,1.98302,2.08809,8.70993,5.94445,8.46765,6.64815,6.53488,4.51226,5.78554,5.97601
H,E,89,1.217,0.73037,1.32783,0.3276,0.96666,0.49124,-0.01703,1.19407,4.62997,0.63602,1.30666,0.94357,-0.17661,0.18381,0.22639,0.90775,0.88387,-0.04947,0.23434,-0.05158
K,E,90,0.02981,0.61827,-0.27045,-0.45792,-0.08472,-0.1031,-0.32438,-0.21588,2.03141,0.56627,0.34266,1.30366,0.01771,0.29784,0.46513,1.45166,0.68259,-0.0143,-0.72473,-0.69314
L,E,91,2.98602,1.67893,1.51601,-0.01979,0.66554,0.34751,0.69042,0.31138,2.39953,2.92136,2.73704,2.22369,0.33167,2.33224,1.51089,2.41008,1.51129,0.94293,0.75971,1.79509
R,E,92,0.65354,1.7604,2.70225,0.90849,2.56997,0.71044,1.08773,1.88015,9.04441,1.73001,2.26463,1.13026,1.36304,0.56999,0.56833,1.59709,1.28309,-0.65891,-0.04664,0.73171
V,E,93,3.30754,1.64508,-0.00039,-0.59527,-0.75322,-0.94326,-0.25347,-0.60669,1.27455,1.88378,1.52814,0.97381,0.23481,1.23597,0.66255,2.28595,1.43192,0.34724,0.65919,1.0086
D,E,94,3.73328,3.33561,3.57585,3.04774,3.38628,2.80262,2.9016,3.07079,4.29863,2.38097,2.61136,3.67094,3.09642,2.70415,3.19184,-0.01918,1.08331,3.52813,3.6261,2.79447
P,E,95,2.73146,2.07827,2.3307,1.51289,1.90346,1.62478,1.4265,2.57855,-0.00272,2.67193,2.48382,2.70497,1.85832,2.46624,1.80793,2.38374,1.66416,1.12939,1.30244,2.83843
V,E,96,0.74615,0.06305,0.00036,-0.58705,-0.47652,-0.97393,-0.87256,-1.01297,0.89019,0.01138,-0.21387,0.43922,-0.70368,-0.66041,-0.46887,-0.08144,-0.33164,-0.33107,-0.01124,0.08966
N,E,97,1.49251,-0.4396,-2.15321,-3.01145,-2.77919,-3.51549,-1.9575,-0.49177,1.15751,0.9962,-0.18686,-0.49551,-1.70686,0.00499,-0.88777,0.09448,-0.85715,-0.30562,-0.02755,-1.00555
F,E,98,3.99064,3.03208,3.19838,0.85324,2.36719,0.60799,-0.00187,1.09567,1.17902,2.93293,2.02164,2.95026,0.32492,3.21028,2.90558,4.09544,3.28296,1.94601,2.31251,2.80948
K,E,99,0.70967,0.01728,0.63793,-0.10158,0.03593,-0.42158,-0.11142,-0.05083,-0.68534,-0.2232,-0.11557,0.60953,-0.06399,0.30431,-0.17444,0.47581,0.04881,-0.02216,-0.18291,0.57813
L,E,100,3.94698,2.30727,2.84081,-0.00271,1.48583,0.15855,0.10371,-0.24072,1.90235,2.77898,1.84049,2.40518,0.44434,2.35556,1.60448,3.01855,1.53882,1.59751,1.67684,1.35208
L,E,101,3.59729,2.53062,2.31659,-0.00903,1.29067,-0.68692,-0.56831,1.11424,7.20623,2.86188,3.27481,2.63513,-0.34179,3.15219,1.94217,4.07466,2.30063,1.54206,1.71314,1.91651
S,E,102,0.35671,-1.03249,-0.65195,-2.22152,-1.11122,-2.494,1.53601,0.47084,3.49095,0.01117,0.23611,-0.24575,4.77138,0.12033,0.00249,1.46552,2.03376,-1.21696,-0.08962,2.73568
H,E,103,0.867,-0.33627,-0.15533,-1.18446,-0.74233,-1.37581,-1.67394,-1.77024,3.63841,0.03301,0.78961,0.42779,-1.43076,0.29358,-0.91465,0.14411,-0.31831,-0.67363,-0.40901,0.00225
C,E,104,1.51718,-0.42361,0.21079,0.25893,0.28486,-1.87372,3.63544,7.9708,3.90089,0.51671,-0.63241,-0.00502,9.70686,1.40828,1.71267,2.24167,1.28603,0.40918,0.67082,6.88194
L,E,105,4.3276,2.74352,1.36955,-0.08974,0.2254,-0.26246,-1.09176,-1.39547,5.42125,3.93898,2.84826,2.86098,0.18547,2.6984,1.68806,4.55299,3.83366,2.5995,2.9292,2.29049
L,E,106,3.78385,2.5544,2.09432,-0.02411,0.68605,-0.37883,1.9976,4.24157,6.32585,3.00249,3.3437,2.80341,3.97665,2.92007,1.76646,4.71896,3.92924,1.60545,2.2444,4.12765
V,E,107,1.02831,0.04845,-8e-05,-0.65186,-0.58972,-1.09105,-0.53103,0.16879,3.76867,0.49685,0.65997,0.69316,-0.32603,0.82145,-0.15543,0.75793,-0.12546,-0.18029,-0.21769,0.76735
T,E,108,1.57344,-0.26068,-1.38841,1.63042,-0.51484,0.70585,11.63858,23.39984,4.34114,0.46017,-0.00615,0.04962,12.7464,1.78816,4.79168,2.13983,4.28392,6.47281,4.81386,14.14098
L,E,109,4.31988,3.06833,1.3222,-0.01665,0.17042,-0.2671,0.12873,-1.34029,6.30162,3.12437,2.5636,3.06266,1.87657,2.61862,2.76845,5.05624,4.12757,2.7237,3.04808,1.69895
A,E,110,1.28217,0.0,1.32166,-0.79252,0.87918,-0.90399,-0.21448,-0.30872,7.36801,0.20834,2.86714,0.68722,-0.12614,0.55125,-0.21862,0.95103,0.08251,-0.61323,-0.44874,0.36481
A,E,111,0.49606,0.0,1.34148,-0.29458,0.69753,-0.18199,-0.20225,-0.45712,3.39103,-0.03833,0.73512,0.49441,-0.20576,-0.05341,0.07272,1.10973,0.1502,-0.4993,-0.38677,-0.39763
H,E,112,1.56349,0.67045,-1.25339,0.40561,1.62533,1.39616,0.06147,0.27313,3.9115,0.51765,0.05035,-0.0739,-1.16799,-0.89772,-0.20279,1.18517,0.9975,0.12868,-0.13208,-0.02635
L,E,113,3.27271,2.35185,3.12222,-0.04065,1.79497,-0.571,1.20583,1.11692,7.30469,3.45675,3.06791,2.33368,3.24922,2.58564,1.95353,4.8539,3.41457,1.16132,0.13463,1.47864
P,E,114,0.7359,1.04527,1.14534,0.89905,1.10795,1.28186,0.65737,0.9748,-0.00191,1.01943,0.99762,1.32825,0.68458,1.00326,1.06972,1.22758,1.02309,0.14877,0.35259,1.16904
A,E,115,0.3735,0.0,0.44267,0.06096,0.37444,0.00546,-0.12358,-0.18281,-0.35753,-0.40527,-0.34867,0.51869,-0.02554,0.35137,0.12017,0.58099,0.25603,-0.2308,-0.25206,0.43684
E,E,116,1.28107,0.28069,-0.63258,-1.10853,-1.16433,-1.8804,0.68644,0.05161,0.32998,0.98497,0.89054,0.22326,1.00323,0.9762,-0.39602,1.33706,0.00048,-0.56849,0.17605,1.75168
F,E,117,4.49278,4.00879,4.19842,0.81683,3.42545,-0.35904,-0.00549,3.21343,8.188,3.71233,3.71907,3.56941,0.76879,2.99889,4.35861,4.20838,4.90162,3.4279,3.9804,3.0636
T,E,118,0.15957,0.143,1.34139,0.02064,1.02266,-0.06014,0.57597,0.69709,1.80398,-0.60233,0.00186,0.24481,0.62054,0.20794,0.44748,-2.08298,-0.40603,0.02225,0.06938,1.05977
P,E,119,2.06722,1.59908,1.66717,1.54804,1.43336,1.32214,1.56864,1.51346,-0.00139,1.62024,1.71891,1.95397,1.63267,1.86857,1.23284,0.75493,0.5471,1.62459,1.7213,1.88125
A,E,120,0.72177,0.0,-0.01444,-0.87396,-0.56254,-0.71814,-1.42358,-0.48808,-1.02984,0.43098,0.35563,0.06621,-0.33033,-0.01816,-0.78318,-1.06946,-1.82883,-0.80091,-0.15738,0.24352
V,E,121,2.85734,1.33885,0.00204,-0.46226,0.36823,-0.32426,0.47629,0.04024,2.1197,1.90913,0.53125,1.52543,0.94202,1.22877,0.93064,1.15617,1.15206,0.53815,0.57136,0.97098
H,E,122,1.21977,-0.22102,0.72749,-1.12552,0.01372,-1.14089,-1.07231,-0.32582,5.22135,1.05408,0.78067,0.4522,-1.01107,0.74149,0.01735,0.6579,-0.53713,-0.5955,-0.3162,0.04938
A,E,123,0.82418,0.0,0.41123,-0.1626,-0.18139,-0.44661,-0.38065,-0.20609,2.95015,0.13067,0.83528,0.64918,-0.28302,0.07314,-0.01487,0.16434,-0.30127,-0.05746,-0.0223,0.35515
S,E,124,2.54675,0.94602,3.44112,5.56836,6.58026,3.67999,6.3081,10.30743,4.66434,0.00013,1.06119,1.06506,6.58173,5.33514,8.19283,7.30653,9.4951,5.06836,5.57828,11.53635
L,E,125,4.95731,3.33836,2.34997,0.02462,0.78384,-0.58217,-0.18522,1.05977,7.1814,3.96324,3.25314,3.14471,1.20368,2.68474,2.83731,4.88726,3.98249,3.19729,3.00161,2.55832
D,E,126,0.48971,-0.58726,-0.15408,-1.27467,-0.38217,-1.90472,-1.28633,-1.53072,3.65314,-0.49561,0.27013,0.18932,-0.9551,-0.04646,-0.924,-0.00013,-0.67636,-0.91518,-0.64797,-0.19848
K,E,127,1.10936,0.13116,0.49112,-0.12078,-0.14005,-0.12419,-0.14337,0.25611,2.7083,0.43932,0.81304,0.75856,-0.04658,0.39258,0.19757,1.23583,0.63405,-0.02382,-0.11002,0.32815
F,E,128,7.0747,5.23014,4.42614,2.33325,4.84816,1.56686,-0.01435,-1.02453,11.52158,6.01077,6.25036,5.38506,0.60885,5.93544,5.1261,7.15241,6.33246,4.66851,4.34428,3.96066
L,E,129,4.0831,2.96097,2.74817,-0.02419,1.86281,-0.43578,-1.77909,0.23079,6.64077,3.42729,2.63482,2.96726,-0.75942,2.45556,2.62908,4.59564,3.69234,2.31984,3.23786,1.27098
A,E,130,0.5989,0.0,0.78664,0.10372,0.24948,-0.28012,0.16712,0.06611,3.45759,0.07898,1.08872,0.90754,0.48116,0.37101,-0.15485,0.73217,0.35953,0.00177,0.07205,0.27454
S,E,131,0.35634,-1.10264,-1.05826,-2.58197,-1.6776,-2.55594,-2.47703,-1.28942,3.23,0.00032,-0.24217,-0.60428,-2.17546,-1.22555,-1.29312,0.08414,-0.65752,-1.42836,-1.37391,-1.14023
V,E,132,3.80081,2.1322,-6e-05,-0.28665,0.85179,-0.01695,1.00472,-0.06894,5.70266,2.59983,0.99579,2.06292,3.03431,2.44786,2.18212,3.90865,2.97855,2.36025,2.17922,2.32162
S,E,133,0.87028,-0.38989,0.56796,-0.83541,0.3753,-1.63033,1.47483,1.21139,3.71665,7e-05,1.13946,0.72973,0.69104,0.87015,0.69846,1.83494,1.12009,0.06188,0.4514,2.2801
T,E,134,-0.05009,-0.7364,-0.31317,-0.90234,-0.76011,-1.25962,-0.85186,-1.22923,3.0774,-0.75649,-0.04766,-0.02805,-0.83022,-0.23151,-0.79942,0.07272,-0.47747,-0.91335,-1.58424,-0.26309
V,E,135,3.30488,1.53517,-0.00594,1.13937,-0.57707,0.2055,2.40924,1.37271,4.19771,1.99274,1.37244,1.6252,2.05554,2.4796,1.43152,3.79377,2.99477,1.00962,1.56792,2.42518
L,E,136,3.71739,2.65726,3.57487,-0.0545,4.01429,0.29141,0.5796,0.1323,5.79601,3.21796,2.50098,2.5803,1.89813,2.44801,2.78246,4.51544,3.50127,1.97423,1.87884,2.39292
T,E,137,2.08374,1.21584,0.12607,0.09642,-0.17273,-0.21761,4.01646,4.6243,4.23402,0.90746,-0.00487,1.0805,3.2987,0.55185,1.20212,2.9436,1.91235,0.54708,0.66859,2.00412
S,E,138,0.89381,0.10438,0.98652,-0.05154,0.40824,-0.82063,0.68397,0.21051,6.3383,5e-05,1.00901,0.00623,0.45229,0.62656,0.04586,1.01999,0.65436,-0.29769,0.0625,0.80599
K,E,139,0.77009,0.66056,1.09029,-0.03464,0.67183,-0.21253,-0.09347,-0.04568,2.39283,0.92252,1.20555,0.5664,0.14552,0.14765,0.02243,0.60178,0.84395,0.04667,-0.22449,-0.02297
Y,E,140,2.61821,2.36252,2.71803,1.42776,1.95195,1.12224,0.72394,2.61398,3.95216,2.73658,2.60172,2.59752,0.00435,2.76614,2.47811,3.45424,2.80272,2.40471,2.01336,2.7761
R,E,141,0.33956,0.555,0.85179,0.62147,0.79974,0.3049,0.45621,-0.14181,1.35806,-0.05937,0.13864,0.24335,0.46671,0.14221,0.36574,0.634,0.51805,-0.13549,-0.00356,0.3827
